,first_name,second_name,goals_scored,assists,total_points,minutes,goals_conceded,creativity,influence,threat,bonus,bps,ict_index,clean_sheets,red_cards,yellow_cards,selected_by_percent,now_cost,element_type,value_per_m
0,David,Raya Martín,0,0,26,450,2,10.0,116.8,0.0,3,115,12.6,3,0,1,24.5,55,GK,4.7
1,Kepa,Arrizabalaga Revuelta,0,0,0,0,0,0.0,0.0,0.0,0,0,0.0,0,0,0,0.6,44,GK,0.0
2,Karl,Hein,0,0,0,0,0,0.0,0.0,0.0,0,0,0.0,0,0,0,0.4,40,GK,0.0
3,Tommy,Setford,0,0,0,0,0,0.0,0.0,0.0,0,0,0.0,0,0,0,0.2,40,GK,0.0
4,Gabriel,dos Santos Magalhães,0,0,25,450,2,8.6,99.2,21.0,1,102,12.9,3,0,0,22.9,61,DEF,4.1
5,William,Saliba,0,0,18,274,1,5.2,74.8,6.0,1,71,8.7,2,0,0,12.5,60,DEF,3.0
6,Riccardo,Calafiori,1,2,35,381,2,44.2,93.0,89.0,3,103,22.6,3,0,2,14.3,57,DEF,6.1
7,Jurriën,Timber,2,1,35,341,2,68.1,146.2,129.0,5,125,34.4,2,0,2,13.6,58,DEF,6.0
8,Jakub,Kiwior,0,0,0,0,0,0.0,0.0,0.0,0,0,0.0,0,0,0,0.1,54,DEF,0.0
9,Myles,Lewis-Skelly,0,0,2,66,0,5.7,4.4,0.0,0,9,0.9,0,0,1,2.1,53,DEF,0.4
10,Benjamin,White,0,0,6,70,0,11.3,15.4,1.0,0,23,2.8,1,0,0,0.5,54,DEF,1.1
11,Brayden,Clarke,0,0,0,0,0,0.0,0.0,0.0,0,0,0.0,0,0,0,0.5,40,DEF,0.0
12,Maldini,Kacurri,0,0,0,0,0,0.0,0.0,0.0,0,0,0.0,0,0,0,0.2,39,DEF,0.0
13,Josh,Nichols,0,0,0,0,0,0.0,0.0,0.0,0,0,0.0,0,0,0,0.2,39,DEF,0.0
14,Bukayo,Saka,1,0,10,187,0,79.1,58.0,35.0,0,41,17.2,1,0,0,4.1,98,MID,1.0
15,Martin,Ødegaard,0,0,8,164,1,32.1,20.8,22.0,0,27,7.5,1,0,0,1.9,79,MID,1.0
16,Noni,Madueke,0,0,10,304,2,111.7,30.2,105.0,0,39,24.6,2,0,0,1.5,70,MID,1.4
17,Gabriel,Martinelli Silva,1,0,12,150,0,15.3,42.6,44.0,1,43,10.2,1,0,0,1.1,69,MID,1.7
18,Leandro,Trossard,0,1,7,131,1,36.3,30.2,25.0,0,29,9.2,0,0,0,0.3,69,MID,1.0
19,Declan,Rice,0,2,20,374,2,112.3,63.2,15.0,1,76,19.1,2,0,0,8.2,65,MID,3.1
20,Mikel,Merino Zazón,0,0,8,211,1,39.9,28.4,33.0,0,29,10.2,2,0,0,0.5,59,MID,1.4
21,Fábio,Ferreira Vieira,0,0,0,0,0,0.0,0.0,0.0,0,0,0.0,0,0,0,0.0,54,MID,0.0
22,Christian,Nørgaard,0,0,0,0,0,0.0,0.0,0.0,0,0,0.0,0,0,0,0.2,54,MID,0.0
23,Ethan,Nwaneri,0,0,5,130,0,20.9,8.2,20.0,0,14,4.9,1,0,0,0.2,53,MID,0.9
24,Martín,Zubimendi Ibáñez,2,0,27,450,2,44.9,101.0,45.0,3,96,19.1,3,0,1,4.0,54,MID,5.0
25,Ismeal,Kabia,0,0,0,0,0,0.0,0.0,0.0,0,0,0.0,0,0,0,0.2,45,MID,0.0
26,Albert,Sambi Lokonga,0,0,0,0,0,0.0,0.0,0.0,0,0,0.0,0,0,0,0.1,45,MID,0.0
27,Kai,Havertz,0,0,1,30,0,0.8,2.8,2.0,0,4,0.6,0,0,0,0.4,73,FWD,0.1
28,Gabriel,Fernando de Jesus,0,0,0,0,0,0.0,0.0,0.0,0,0,0.0,0,0,0,0.0,64,FWD,0.0
29,Eberechi,Eze,0,2,14,226,1,38.3,54.0,60.0,0,49,15.3,2,0,0,12.1,75,MID,1.9
30,Cristhian,Mosquera,0,0,11,202,1,2.4,51.4,4.0,1,56,5.8,1,0,0,0.2,54,DEF,2.0
31,Viktor,Gyökeres,3,0,22,396,2,46.2,109.2,110.0,2,85,26.6,2,0,1,25.4,90,FWD,2.4
32,Max,Dowman,0,1,5,27,0,0.8,1.0,26.0,0,13,2.8,0,0,0,0.4,45,MID,1.1
33,Andre,Harriman-Annous,0,0,0,0,0,0.0,0.0,0.0,0,0,0.0,0,0,0,0.0,45,MID,0.0
34,Piero,Hincapié,0,0,0,0,0,0.0,0.0,0.0,0,0,0.0,0,0,0,0.0,55,DEF,0.0
35,Emiliano,Martínez Romero,0,0,11,270,2,0.0,51.8,0.0,0,54,5.2,1,0,0,2.2,50,GK,2.2
36,Marco,Bizot,0,0,7,180,3,0.0,25.4,0.0,0,22,2.6,1,0,1,0.6,45,GK,1.6
37,Joe,Gauci,0,0,0,0,0,0.0,0.0,0.0,0,0,0.0,0,0,0,0.2,40,GK,0.0
38,Filip,Marschall,0,0,0,0,0,0.0,0.0,0.0,0,0,0.0,0,0,0,0.0,40,GK,0.0
39,Matty,Cash,1,0,25,433,4,72.6,121.8,20.0,2,84,21.6,2,0,2,5.1,46,DEF,5.4
40,Lucas,Digne,0,0,15,307,1,25.5,27.0,17.0,0,57,6.9,2,0,1,2.0,45,DEF,3.3
41,Ezri,Konsa Ngoyo,0,0,12,335,4,19.4,61.8,4.0,0,56,8.5,2,1,0,12.1,45,DEF,2.7
42,Ian,Maatsen,0,0,2,141,4,57.0,34.6,13.0,0,14,10.5,0,0,1,0.6,44,DEF,0.5
43,Tyrone,Mings,0,0,22,450,5,43.8,115.4,25.0,1,84,18.5,2,0,0,1.6,45,DEF,4.9
44,Pau,Torres,0,0,3,106,2,6.3,20.4,9.0,0,7,3.6,0,0,0,0.4,44,DEF,0.7
45,Andrés,García,0,0,0,0,0,0.0,0.0,0.0,0,0,0.0,0,0,0,0.2,39,DEF,0.0
46,Álex,Moreno Lopera,0,0,0,0,0,0.0,0.0,0.0,0,0,0.0,0,0,0,3.8,40,DEF,0.0
47,Lamare,Bogarde,0,0,11,112,0,7.3,13.2,6.0,3,37,2.5,1,0,1,0.6,40,DEF,2.8
48,Lino,da Cruz Sousa,0,0,0,0,0,0.0,0.0,0.0,0,0,0.0,0,0,0,0.3,40,DEF,0.0
49,Yasin,Özcan,0,0,0,0,0,0.0,0.0,0.0,0,0,0.0,0,0,0,0.2,40,DEF,0.0
50,Morgan,Rogers,0,0,12,441,5,74.1,32.6,59.0,0,28,16.5,2,0,0,6.7,69,MID,1.7
51,Youri,Tielemans,0,0,8,315,4,74.2,34.2,29.0,0,46,13.8,1,0,0,1.0,59,MID,1.4
52,Leon,Bailey,0,0,0,0,0,0.0,0.0,0.0,0,0,0.0,0,0,0,0.1,55,MID,0.0
53,Emiliano,Buendía Stati,0,0,5,230,2,63.0,23.4,46.0,0,14,13.3,1,0,1,0.1,53,MID,0.9
54,Samuel,Iling-Junior,0,0,0,0,0,0.0,0.0,0.0,0,0,0.0,0,0,0,0.0,55,MID,0.0
55,Donyell,Malen,0,0,6,138,4,22.1,6.6,38.0,0,14,6.4,0,0,0,0.7,52,MID,1.2
56,John,McGinn,0,0,12,409,4,97.1,52.8,24.0,0,69,17.4,2,0,0,0.6,54,MID,2.2
57,Ross,Barkley,0,0,0,0,0,0.0,0.0,0.0,0,0,0.0,0,0,0,0.0,48,MID,0.0
58,Enzo,Barrenechea,0,0,0,0,0,0.0,0.0,0.0,0,0,0.0,0,0,0,0.0,50,MID,0.0
59,Lewis,Dobbin,0,0,0,0,0,0.0,0.0,0.0,0,0,0.0,0,0,0,0.0,50,MID,0.0
60,Boubacar,Kamara,0,1,9,186,2,32.0,53.6,19.0,1,46,10.4,1,0,1,0.1,49,MID,1.8
61,Amadou,Onana,0,0,6,153,1,6.2,34.0,16.0,0,29,5.6,1,0,1,0.8,49,MID,1.2
62,Ben,Broggio,0,0,0,0,0,0.0,0.0,0.0,0,0,0.0,0,0,0,0.3,45,MID,0.0
63,Leander,Dendoncker,0,0,0,0,0,0.0,0.0,0.0,0,0,0.0,0,0,0,0.1,45,MID,0.0
64,Jamaldeen,Jimoh-Aloba,0,0,0,0,0,0.0,0.0,0.0,0,0,0.0,0,0,0,0.1,45,MID,0.0
65,Kadan,Young,0,0,0,0,0,0.0,0.0,0.0,0,0,0.0,0,0,0,0.6,44,MID,0.0
66,Ollie,Watkins,0,0,10,442,5,56.2,19.4,100.0,0,32,17.6,2,0,0,11.9,88,FWD,1.1
67,Zépiqueno,Redmond,0,0,0,0,0,0.0,0.0,0.0,0,0,0.0,0,0,0,0.5,45,FWD,0.0
68,Harvey,Elliott,0,0,3,52,1,11.6,3.8,11.0,0,9,2.6,0,0,0,0.6,54,MID,0.6
69,Jadon,Sancho,0,0,1,8,0,2.8,0.8,7.0,0,2,1.1,0,0,0,0.2,59,MID,0.2
70,Evann,Guessand,0,0,6,177,1,7.3,26.0,40.0,0,10,7.3,1,0,0,0.0,63,MID,1.0
71,James,Wright,0,0,0,0,0,0.0,0.0,0.0,0,0,0.0,0,0,0,0.5,40,GK,0.0
72,Triston,Rowe,0,0,0,0,0,0.0,0.0,0.0,0,0,0.0,0,0,0,0.1,40,DEF,0.0
73,Bradley,Burrowes,0,0,1,16,1,0.3,0.0,0.0,0,3,0.0,0,0,0,0.1,45,MID,0.2
74,Sam,Proctor,0,0,0,0,0,0.0,0.0,0.0,0,0,0.0,0,0,0,0.3,40,GK,0.0
75,Travis,Patterson,0,0,0,0,0,0.0,0.0,0.0,0,0,0.0,0,0,0,0.1,40,DEF,0.0
76,Victor,Lindelöf,0,0,1,7,0,0.3,0.4,0.0,0,3,0.1,0,0,0,0.0,45,DEF,0.2
77,Max,Weiß,0,0,0,0,0,0.0,0.0,0.0,0,0,0.0,0,0,0,0.1,44,GK,0.0
78,Etienne,Green,0,0,0,0,0,0.0,0.0,0.0,0,0,0.0,0,0,0,0.3,40,GK,0.0
79,Václav,Hladký,0,0,0,0,0,0.0,0.0,0.0,0,0,0.0,0,0,0,0.2,40,GK,0.0
80,Connor,Roberts,0,0,0,0,0,0.0,0.0,0.0,0,0,0.0,0,0,0,0.0,44,DEF,0.0
81,Kyle,Walker,0,0,11,450,8,11.5,67.8,3.0,0,38,8.3,1,0,1,1.7,45,DEF,2.4
82,Hannes,Delcroix,0,0,0,0,0,0.0,0.0,0.0,0,0,0.0,0,0,0,0.3,39,DEF,0.0
83,Owen,Dodgson,0,0,0,0,0,0.0,0.0,0.0,0,0,0.0,0,0,0,0.0,40,DEF,0.0
84,Hjalmar,Ekdal,0,0,19,442,7,15.8,111.6,57.0,1,53,18.4,1,0,0,1.6,40,DEF,4.8
85,Maxime,Estève,0,0,16,442,8,12.3,113.2,27.0,0,51,15.3,1,0,0,15.6,40,DEF,4.0
86,Quilindschy,Hartman,0,0,14,450,8,78.3,104.6,20.0,0,50,20.3,1,0,0,0.5,40,DEF,3.5
87,Bashir,Humphreys,0,0,0,0,0,0.0,0.0,0.0,0,0,0.0,0,0,0,0.1,40,DEF,0.0
88,Jordan,Beyer,0,0,0,0,0,0.0,0.0,0.0,0,0,0.0,0,0,0,0.1,40,DEF,0.0
89,Lucas,Pires Silva,0,0,0,0,0,0.0,0.0,0.0,0,0,0.0,0,0,0,0.2,39,DEF,0.0
90,Shurandy,Sambo,0,0,0,0,0,0.0,0.0,0.0,0,0,0.0,0,0,0,0.1,40,DEF,0.0
91,Oliver,Sonne,0,0,3,102,4,16.4,7.6,6.0,0,-2,3.0,0,0,0,0.1,40,DEF,0.8
92,Axel,Tuanzebe,0,0,0,0,0,0.0,0.0,0.0,0,0,0.0,0,0,0,1.9,39,DEF,0.0
93,Joe,Worrall,0,0,3,18,2,0.0,11.0,0.0,0,6,1.1,0,0,0,0.1,40,DEF,0.8
94,Jaidon,Anthony,3,1,34,442,7,61.8,168.0,151.0,5,112,38.1,2,0,1,2.5,55,MID,6.2
95,Manuel,Benson Hedilazio,0,0,0,0,0,0.0,0.0,0.0,0,0,0.0,0,0,0,0.0,54,MID,0.0
96,Jacob,Bruun Larsen,0,1,9,176,3,29.1,32.8,20.0,0,30,8.0,1,0,0,0.0,54,MID,1.7
97,Enock,Agyei,0,0,0,0,0,0.0,0.0,0.0,0,0,0.0,0,0,0,0.0,49,MID,0.0
98,Darko,Churlinov,0,0,0,0,0,0.0,0.0,0.0,0,0,0.0,0,0,0,0.0,49,MID,0.0
99,Josh,Cullen,1,1,27,422,7,87.2,140.6,21.0,3,104,24.9,2,0,0,2.0,50,MID,5.4
100,Marcus,Edwards,0,0,1,5,0,0.0,0.0,0.0,0,3,0.0,0,0,0,0.1,48,MID,0.2
101,Hannibal,Mejbri,0,0,11,244,5,40.7,14.0,13.0,0,29,6.7,1,0,0,0.2,50,MID,2.2
102,Luca,Koleosho,0,0,0,0,0,0.0,0.0,0.0,0,0,0.0,0,0,0,0.0,50,MID,0.0
103,Josh,Laurent,0,0,7,277,5,18.3,43.4,25.0,0,31,8.8,0,0,1,0.0,49,MID,1.4
104,Loum,Tchaouna,0,1,10,190,2,26.2,13.2,28.0,0,31,6.8,1,0,1,0.0,49,MID,2.0
105,Aaron,Ramsey,0,0,0,0,0,0.0,0.0,0.0,0,0,0.0,0,0,0,3.8,44,MID,0.0
106,Oluwaseun,Adewumi,0,0,0,0,0,0.0,0.0,0.0,0,0,0.0,0,0,0,0.0,45,MID,0.0
107,Jaydon,Banel,0,0,0,0,0,0.0,0.0,0.0,0,0,0.0,0,0,0,0.0,45,MID,0.0
108,Mike,Trésor Ndayishimiye,0,0,0,0,0,0.0,0.0,0.0,0,0,0.0,0,0,0,0.1,44,MID,0.0
109,Zian,Flemming,0,0,3,24,0,10.1,2.2,7.0,0,9,1.9,0,0,0,0.1,54,FWD,0.6
110,Zeki,Amdouni,0,0,0,0,0,0.0,0.0,0.0,0,0,0.0,0,0,0,0.0,49,FWD,0.0
111,Lyle,Foster,1,1,18,418,7,53.6,80.6,50.0,2,78,18.5,2,0,1,1.8,50,FWD,3.6
112,Ashley,Barnes,0,0,0,0,0,0.0,0.0,0.0,0,0,0.0,0,0,0,1.6,44,FWD,0.0
113,Michael,Obafemi,0,0,0,0,0,0.0,0.0,0.0,0,0,0.0,0,0,0,0.2,44,FWD,0.0
114,Martin,Dúbravka,0,0,17,450,8,0.0,142.6,0.0,0,77,14.3,1,0,0,34.3,40,GK,4.2
115,Lesley,Ugochukwu,0,0,5,253,4,18.8,23.8,8.0,0,20,4.9,1,1,0,0.0,50,MID,1.0
116,Armando,Broja,0,0,1,1,1,0.1,2.0,0.0,0,3,0.2,0,0,0,0.1,54,FWD,0.2
117,Florentino Ibrain,Morris Luís,0,0,4,117,2,23.7,38.6,0.0,0,24,6.2,0,0,1,0.0,50,MID,0.8
118,Norberto,Murara Neto,0,0,0,0,0,0.0,0.0,0.0,0,0,0.0,0,0,0,0.1,45,GK,0.0
119,Đorđe,Petrović,0,0,21,450,5,0.0,88.8,0.0,0,82,8.9,3,0,1,5.1,45,GK,4.7
120,Will,Dennis,0,0,0,0,0,0.0,0.0,0.0,0,0,0.0,0,0,0,1.1,40,GK,0.0
121,Callan,McKenna,0,0,0,0,0,0.0,0.0,0.0,0,0,0.0,0,0,0,0.2,40,GK,0.0
122,Alex,Paulsen,0,0,0,0,0,0.0,0.0,0.0,0,0,0.0,0,0,0,0.1,40,GK,0.0
123,Illia,Zabarnyi,0,0,0,0,0,0.0,0.0,0.0,0,0,0.0,0,0,0,0.0,50,DEF,0.0
124,Marcos,Senesi Barón,0,1,37,450,5,42.8,144.8,14.0,5,110,20.2,3,0,1,14.5,48,DEF,7.7
125,Adam,Smith,0,0,8,204,3,14.0,17.8,4.0,0,28,3.6,1,0,0,0.2,45,DEF,1.8
126,Adrien,Truffert,0,0,24,450,5,92.0,82.8,9.0,4,82,18.3,3,0,0,1.6,45,DEF,5.3
127,Matai,Akinmboni,0,0,0,0,0,0.0,0.0,0.0,0,0,0.0,0,0,0,0.3,40,DEF,0.0
128,Owen,Bevan,0,0,0,0,0,0.0,0.0,0.0,0,0,0.0,0,0,0,0.2,40,DEF,0.0
129,James,Hill,0,0,10,198,2,3.0,24.2,41.0,0,31,6.9,1,0,1,0.9,40,DEF,2.5
130,Julián,Araujo Zúñiga,0,0,0,0,0,0.0,0.0,0.0,0,0,0.0,0,0,0,0.9,40,DEF,0.0
131,Chris,Mepham,0,0,0,0,0,0.0,0.0,0.0,0,0,0.0,0,0,0,0.1,40,DEF,0.0
132,Julio,Soler Barreto,0,0,1,1,0,0.0,0.0,0.0,0,2,0.0,0,0,0,0.3,40,DEF,0.2
133,Justin,Kluivert,0,0,4,71,0,32.8,12.8,24.0,0,12,6.9,0,0,0,0.7,70,MID,0.6
134,Antoine,Semenyo,3,2,41,450,5,99.3,170.2,140.0,6,105,41.0,3,0,1,47.9,77,MID,5.3
135,Marcus,Tavernier,1,0,23,406,5,63.9,85.0,93.0,3,69,24.3,3,0,0,1.6,55,MID,4.2
136,Tyler,Adams,0,0,14,447,4,26.1,80.6,45.0,0,76,15.2,3,0,3,0.4,50,MID,2.8
137,David,Brooks,0,1,15,340,3,107.3,57.8,82.0,1,66,24.3,3,0,2,0.4,50,MID,3.0
138,Ryan,Christie,0,0,3,78,0,18.9,18.0,11.0,0,17,4.9,0,0,0,0.1,50,MID,0.6
139,Lewis,Cook,0,0,1,4,0,0.1,2.0,0.0,0,2,0.2,0,0,0,0.0,49,MID,0.2
140,Philip,Billing,0,0,0,0,0,0.0,0.0,0.0,0,0,0.0,0,0,0,0.0,49,MID,0.0
141,Alex,Scott,1,0,19,328,3,67.7,76.8,22.0,2,78,16.6,3,0,1,0.3,50,MID,3.8
142,Luis,Sinisterra Lucumí,0,0,0,0,0,0.0,0.0,0.0,0,0,0.0,0,0,0,0.0,50,MID,0.0
143,Romain,Faivre,0,0,0,0,0,0.0,0.0,0.0,0,0,0.0,0,0,0,0.1,45,MID,0.0
144,Hamed,Traorè,0,1,4,16,2,10.0,21.2,0.0,0,12,3.1,0,0,0,0.6,45,MID,0.9
145,Dominic,Sadi,0,0,0,0,0,0.0,0.0,0.0,0,0,0.0,0,0,0,0.1,45,MID,0.0
146,Zain,Silcott-Duberry,0,0,0,0,0,0.0,0.0,0.0,0,0,0.0,0,0,0,0.2,44,MID,0.0
147,Ben,Winterburn,0,0,1,6,2,0.0,0.0,0.0,0,3,0.0,0,0,0,0.1,45,MID,0.2
148,Francisco Evanilson,de Lima Barbosa,1,1,18,437,5,81.6,55.0,133.0,2,74,26.8,3,0,1,3.2,70,FWD,2.6
149,Enes,Ünal,0,0,0,0,0,0.0,0.0,0.0,0,0,0.0,0,0,0,0.0,55,FWD,0.0
150,Daniel,Adu-Adjei,0,0,0,0,0,0.0,0.0,0.0,0,0,0.0,0,0,0,0.3,44,FWD,0.0
151,Eli Junior,Kroupi,0,0,3,12,1,0.0,0.0,2.0,0,8,0.2,0,0,0,1.5,45,FWD,0.7
152,Ben,Gannon-Doak,0,0,0,0,0,0.0,0.0,0.0,0,0,0.0,0,0,0,0.0,50,MID,0.0
153,Bafodé,Diakité,0,0,21,360,4,23.8,71.0,6.0,2,83,10.1,3,0,1,0.4,45,DEF,4.7
154,Remy,Rees-Dottin,0,0,0,0,0,0.0,0.0,0.0,0,0,0.0,0,0,0,0.1,45,MID,0.0
155,Amine,Adli,0,0,4,88,0,27.1,32.0,9.0,0,25,6.8,0,0,0,0.0,55,MID,0.7
156,Álex,Jiménez Sánchez,0,0,0,48,0,1.9,4.4,9.0,0,4,1.5,0,0,2,0.0,45,DEF,0.0
157,Veljko,Milosavljevic,0,0,4,90,1,11.3,23.4,6.0,0,15,4.1,0,0,0,0.0,45,DEF,0.9
158,Reiss,Nelson,0,0,0,0,0,0.0,0.0,0.0,0,0,0.0,0,0,0,0.1,49,MID,0.0
159,Dango,Ouattara,1,0,17,215,3,5.1,58.6,90.0,3,39,15.1,1,0,0,0.7,60,MID,2.8
160,Caoimhín,Kelleher,0,0,10,450,10,0.0,85.2,0.0,0,40,8.6,1,0,1,8.6,45,GK,2.2
161,Ellery,Balcombe,0,0,0,0,0,0.0,0.0,0.0,0,0,0.0,0,0,0,0.3,40,GK,0.0
162,Matthew,Cox,0,0,0,0,0,0.0,0.0,0.0,0,0,0.0,0,0,0,0.1,40,GK,0.0
163,Julian,Eyestone,0,0,0,0,0,0.0,0.0,0.0,0,0,0.0,0,0,0,0.1,40,GK,0.0
164,Hákon Rafn,Valdimarsson,0,0,0,0,0,0.0,0.0,0.0,0,0,0.0,0,0,0,0.7,40,GK,0.0
165,Nathan,Collins,0,0,15,450,10,11.6,102.8,50.0,1,45,16.5,1,0,2,1.4,50,DEF,3.0
166,Keane,Lewis-Potter,0,0,15,383,8,25.4,27.2,15.0,0,34,6.8,2,0,0,0.4,50,DEF,3.0
167,Kristoffer,Ajer,0,1,6,28,1,10.7,24.8,23.0,0,20,6.0,0,0,0,0.2,44,DEF,1.4
168,Rico,Henry,0,0,3,153,6,12.1,11.0,12.0,0,-2,3.3,0,0,1,0.1,44,DEF,0.7
169,Michael,Kayode,0,0,15,436,9,47.4,87.6,6.0,2,51,14.1,1,0,0,0.4,45,DEF,3.3
170,Ethan,Pinnock,0,0,0,155,4,0.8,31.8,10.0,0,1,4.3,0,0,1,0.1,44,DEF,0.0
171,Mads,Roerslev Rasmussen,0,0,0,0,0,0.0,0.0,0.0,0,0,0.0,0,0,0,0.0,45,DEF,0.0
172,Sepp,van den Berg,0,0,16,450,10,2.2,108.6,26.0,0,50,13.7,1,0,0,0.7,45,DEF,3.6
173,Benjamin,Arthur,0,0,0,0,0,0.0,0.0,0.0,0,0,0.0,0,0,0,0.3,40,DEF,0.0
174,Benjamin,Fredrick,0,0,0,0,0,0.0,0.0,0.0,0,0,0.0,0,0,0,0.1,40,DEF,0.0
175,Aaron,Hickey,0,0,2,20,1,0.4,6.2,0.0,0,5,0.7,0,0,1,0.4,40,DEF,0.5
176,Kim,Ji-soo,0,0,0,0,0,0.0,0.0,0.0,0,0,0.0,0,0,0,0.2,39,DEF,0.0
177,Jayden,Meghoma,0,0,0,0,0,0.0,0.0,0.0,0,0,0.0,0,0,0,0.1,40,DEF,0.0
178,Kevin,Schade,1,0,13,392,6,31.8,69.0,100.0,0,36,20.1,1,0,0,0.4,70,MID,1.9
179,Mikkel,Damsgaard,1,0,15,266,5,89.7,81.6,40.0,1,56,21.2,1,0,0,0.7,59,MID,2.5
180,Antoni,Milambo,0,0,1,45,3,1.8,4.0,0.0,0,5,0.6,0,0,0,0.0,53,MID,0.2
181,Fábio,Freitas Gouveia Carvalho,1,0,11,95,4,6.2,38.8,36.0,1,36,8.0,0,0,0,0.3,49,MID,2.2
182,Jordan,Henderson,0,1,15,322,5,32.2,48.8,5.0,1,50,8.6,2,0,0,0.3,50,MID,3.0
183,Vitaly,Janelt,0,0,1,16,0,0.1,0.0,0.0,0,2,0.0,0,0,0,0.0,49,MID,0.2
184,Mathias,Jensen,0,0,5,151,4,48.0,26.8,10.0,0,32,8.5,0,0,0,0.1,49,MID,1.0
185,Gustavo,Nunes Fernandes Gomes,0,0,0,0,0,0.0,0.0,0.0,0,0,0.0,0,0,0,0.0,49,MID,0.0
186,Frank,Onyeka,0,2,9,61,2,12.3,23.4,4.0,0,31,3.9,0,0,0,0.1,50,MID,1.8
187,Yehor,Yarmoliuk,0,0,14,438,10,44.2,65.0,17.0,0,62,12.6,1,0,1,0.1,50,MID,2.8
188,Romelle,Donovan,0,0,0,0,0,0.0,0.0,0.0,0,0,0.0,0,0,0,0.1,45,MID,0.0
189,Yunus Emre,Konak,0,0,0,0,0,0.0,0.0,0.0,0,0,0.0,0,0,0,0.2,44,MID,0.0
190,Paris,Maghoma,0,0,0,0,0,0.0,0.0,0.0,0,0,0.0,0,0,0,0.0,45,MID,0.0
191,Myles,Peart-Harris,0,0,0,0,0,0.0,0.0,0.0,0,0,0.0,0,0,0,0.0,45,MID,0.0
192,Ryan,Trevitt,0,0,0,0,0,0.0,0.0,0.0,0,0,0.0,0,0,0,0.0,45,MID,0.0
193,Igor Thiago,Nascimento Rodrigues,2,0,17,405,9,60.5,97.8,75.0,1,62,23.4,1,0,2,1.7,60,FWD,2.8
194,Iwan,Morgan,0,0,0,0,0,0.0,0.0,0.0,0,0,0.0,0,0,0,0.4,44,FWD,0.0
195,Jason,Steele,0,0,0,0,0,0.0,0.0,0.0,0,0,0.0,0,0,0,0.3,44,GK,0.0
196,Bart,Verbruggen,0,0,8,450,8,10.0,90.2,0.0,0,46,9.9,0,0,0,5.0,45,GK,1.8
197,Tom,McGill,0,0,0,0,0,0.0,0.0,0.0,0,0,0.0,0,0,0,0.4,40,GK,0.0
198,Carl,Rushworth,0,0,0,0,0,0.0,0.0,0.0,0,0,0.0,0,0,0,0.0,40,GK,0.0
199,Kjell,Scherpen,0,0,0,0,0,0.0,0.0,0.0,0,0,0.0,0,0,0,0.0,40,GK,0.0
200,Olivier,Boscagli,0,0,0,0,0,0.0,0.0,0.0,0,0,0.0,0,0,0,0.1,44,DEF,0.0
201,Diego,Coppola,0,0,2,16,1,0.1,5.4,0.0,0,3,0.6,0,0,0,0.1,44,DEF,0.5
202,Maxim,De Cuyper,0,0,5,269,5,37.7,28.4,12.0,0,24,7.9,0,0,1,2.8,44,DEF,1.1
203,Lewis,Dunk,0,1,13,450,8,14.6,86.4,28.0,0,57,13.0,0,0,1,1.2,45,DEF,2.9
204,Pervis,Estupiñán Tenorio,0,0,0,0,0,0.0,0.0,0.0,0,0,0.0,0,0,0,0.0,45,DEF,0.0
205,Ferdi,Kadıoğlu,0,0,5,194,4,21.2,31.8,4.0,0,16,5.7,0,0,2,0.1,44,DEF,1.1
206,Tariq,Lamptey,0,0,0,0,0,0.0,0.0,0.0,0,0,0.0,0,0,0,0.2,44,DEF,0.0
207,Jan Paul,van Hecke,0,0,8,450,8,3.7,103.0,39.0,0,34,14.7,0,0,1,0.9,45,DEF,1.8
208,Joël,Veltman,0,0,7,270,5,19.8,57.6,6.0,0,29,8.4,0,0,1,0.2,44,DEF,1.6
209,Adam,Webster,0,0,0,0,0,0.0,0.0,0.0,0,0,0.0,0,0,0,0.0,44,DEF,0.0
210,Eiran,Cashin,0,0,0,0,0,0.0,0.0,0.0,0,0,0.0,0,0,0,0.0,40,DEF,0.0
211,Jacob,Slater,0,0,0,0,0,0.0,0.0,0.0,0,0,0.0,0,0,0,0.2,40,DEF,0.0
212,Charlie,Tasker,0,0,0,0,0,0.0,0.0,0.0,0,0,0.0,0,0,0,0.1,40,DEF,0.0
213,Mitoma,Kaoru,1,1,18,442,7,94.3,86.2,84.0,0,60,26.1,1,0,1,4.7,64,MID,2.8
214,Georginio,Rutter,0,2,13,237,3,47.3,46.0,46.0,0,46,13.9,1,0,1,0.5,58,MID,2.2
215,Solly,March,0,0,0,0,0,0.0,0.0,0.0,0,0,0.0,0,0,0,0.0,58,MID,0.0
216,Yankuba,Minteh,1,1,24,413,6,86.3,98.2,146.0,3,99,33.1,1,0,0,1.2,59,MID,4.1
217,Julio,Enciso Espínola,0,0,0,0,0,0.0,0.0,0.0,0,0,0.0,0,0,0,0.0,54,MID,0.0
218,Brajan,Gruda,1,0,13,126,2,23.2,42.4,48.0,2,34,11.3,0,0,0,0.1,54,MID,2.4
219,Jack,Hinshelwood,0,0,4,107,2,2.0,9.4,0.0,0,22,1.2,0,0,0,0.0,53,MID,0.8
220,Matt,O'Riley,1,0,12,177,2,66.6,60.8,63.0,2,36,19.0,1,0,0,0.6,55,MID,2.2
221,Abdallah,Sima,0,0,0,0,0,0.0,0.0,0.0,0,0,0.0,0,0,0,0.0,54,MID,0.0
222,Yasin,Ayari,1,0,16,362,7,46.0,74.8,42.0,2,81,16.4,0,0,0,0.2,49,MID,3.3
223,Carlos,Baleba,0,0,6,241,3,26.7,11.0,2.0,0,22,4.0,1,0,1,2.7,48,MID,1.2
224,Diego,Gómez Amarilla,0,0,3,149,3,28.2,25.4,11.0,0,27,6.5,0,0,2,0.1,49,MID,0.6
225,James,Milner,1,0,9,124,4,16.8,48.8,17.0,0,35,8.3,0,0,1,0.1,50,MID,1.8
226,Jeremy,Sarmiento Morante,0,0,0,0,0,0.0,0.0,0.0,0,0,0.0,0,0,0,0.0,49,MID,0.0
227,Tom,Watson,0,0,0,0,0,0.0,0.0,0.0,0,0,0.0,0,0,0,0.0,49,MID,0.0
228,Mats,Wieffer,0,0,8,179,3,6.0,47.0,21.0,0,32,7.4,0,0,1,0.1,49,MID,1.6
229,Malick,Yalcouyé,0,0,0,0,0,0.0,0.0,0.0,0,0,0.0,0,0,0,0.0,50,MID,0.0
230,Joe,Knight,0,0,0,0,0,0.0,0.0,0.0,0,0,0.0,0,0,0,0.1,45,MID,0.0
231,Adrian,Mazilu,0,0,0,0,0,0.0,0.0,0.0,0,0,0.0,0,0,0,0.0,45,MID,0.0
232,Andrew,Moran,0,0,0,0,0,0.0,0.0,0.0,0,0,0.0,0,0,0,0.0,45,MID,0.0
233,Danny,Welbeck,0,0,6,252,7,24.4,5.6,48.0,0,10,7.6,0,0,0,1.9,63,FWD,1.0
234,Evan,Ferguson,0,0,0,0,0,0.0,0.0,0.0,0,0,0.0,0,0,0,0.0,55,FWD,0.0
235,Stefanos,Tzimas,0,0,1,23,0,0.1,0.0,0.0,0,0,0.0,0,0,0,0.1,54,FWD,0.2
236,Charalampos,Kostoulas,0,0,0,0,0,0.0,0.0,0.0,0,0,0.0,0,0,0,0.3,49,FWD,0.0
237,Facundo,Buonanotte,0,0,1,45,1,25.1,5.6,8.0,0,4,3.9,0,0,0,0.1,48,MID,0.2
238,Robert,Lynch Sánchez,0,0,16,364,5,0.0,81.4,0.0,1,59,8.1,2,1,0,18.8,50,GK,3.2
239,Filip,Jörgensen,0,0,1,84,2,0.0,9.4,0.0,0,4,0.9,0,0,0,0.2,44,GK,0.2
240,Mike,Penders,0,0,0,0,0,0.0,0.0,0.0,0,0,0.0,0,0,0,0.0,40,GK,0.0
241,Gabriel,Słonina,0,0,0,0,0,0.0,0.0,0.0,0,0,0.0,0,0,0,0.1,40,GK,0.0
242,Marc,Cucurella Saseta,0,1,20,356,4,80.6,84.2,40.0,2,90,20.5,2,0,1,25.8,62,DEF,3.2
243,Reece,James,0,1,12,243,3,98.5,57.0,13.0,0,64,16.9,1,0,1,4.4,54,DEF,2.2
244,Trevoh,Chalobah,2,1,38,428,5,34.3,180.4,76.0,2,130,29.1,2,0,1,10.2,51,DEF,7.5
245,Levi,Samuels Colwill,0,0,0,0,0,0.0,0.0,0.0,0,0,0.0,0,0,0,0.1,48,DEF,0.0
246,Malo,Gusto,0,0,10,195,1,21.3,23.4,9.0,0,39,5.3,1,0,0,1.3,49,DEF,2.0
247,Benoît,Badiashile Mukinayi,0,0,0,0,0,0.0,0.0,0.0,0,0,0.0,0,0,0,0.0,44,DEF,0.0
248,Wesley,Fofana,0,0,3,129,3,4.3,27.2,0.0,0,18,3.2,0,0,0,0.2,44,DEF,0.7
249,Mamadou,Sarr,0,0,0,0,0,0.0,0.0,0.0,0,0,0.0,0,0,0,0.0,45,DEF,0.0
250,Tosin,Adarabioyo,0,0,11,353,5,6.4,99.0,11.0,0,53,11.7,1,0,1,1.1,45,DEF,2.4
251,Josh,Acheampong,0,0,9,90,0,2.3,16.2,10.0,3,35,2.9,1,0,0,1.5,40,DEF,2.2
252,Aarón,Anselmino,0,0,0,0,0,0.0,0.0,0.0,0,0,0.0,0,0,0,0.1,40,DEF,0.0
253,Cole,Palmer,1,0,11,144,2,19.2,44.4,65.0,1,36,12.9,1,0,0,19.2,104,MID,1.1
254,Pedro,Lomba Neto,1,0,16,356,3,123.6,71.6,64.0,0,79,25.9,2,0,0,4.7,70,MID,2.3
255,Enzo,Fernández,2,2,30,438,5,105.8,131.8,84.0,1,108,32.2,2,0,1,13.0,67,MID,4.5
256,Estêvão,Almeida de Oliveira Gonçalves,0,1,9,184,1,37.6,37.0,62.0,0,28,13.7,1,0,1,1.9,65,MID,1.4
257,Jamie,Bynoe-Gittens,0,0,4,143,1,40.0,12.2,32.0,0,13,8.4,0,0,0,0.1,62,MID,0.6
258,Christopher,Nkunku,0,0,0,0,0,0.0,0.0,0.0,0,0,0.0,0,0,0,0.1,59,MID,0.0
259,Moisés,Caicedo Corozo,2,0,33,450,5,48.5,179.0,33.0,4,134,26.0,2,0,1,11.2,56,MID,5.9
260,Tyrique,George,0,0,3,137,1,7.0,8.2,52.0,0,-2,6.7,1,0,2,0.1,49,MID,0.6
261,Roméo,Lavia,0,0,0,0,0,0.0,0.0,0.0,0,0,0.0,0,0,0,0.0,49,MID,0.0
262,Mykhailo,Mudryk,0,0,0,0,0,0.0,0.0,0.0,0,0,0.0,0,0,0,0.0,50,MID,0.0
263,Andrey,Nascimento dos Santos,0,0,4,117,1,32.4,15.2,32.0,0,24,8.0,0,0,1,0.3,45,MID,0.9
264,Dário,Luís Essugo,0,0,0,0,0,0.0,0.0,0.0,0,0,0.0,0,0,0,0.0,44,MID,0.0
265,Kendry,Páez Andrade,0,0,0,0,0,0.0,0.0,0.0,0,0,0.0,0,0,0,0.0,45,MID,0.0
266,João Pedro,Junqueira de Jesus,2,3,35,420,4,83.2,154.6,128.0,8,139,36.3,2,0,0,67.4,78,FWD,4.5
267,Liam,Delap,0,0,4,91,1,3.5,8.0,43.0,0,12,5.0,0,0,0,1.2,62,FWD,0.6
268,Nicolas,Jackson,0,0,0,0,0,0.0,0.0,0.0,0,0,0.0,0,0,0,0.1,65,FWD,0.0
269,Marc,Guiu Paz,0,0,2,13,1,1.6,1.0,6.0,0,5,0.7,0,0,0,9.2,43,FWD,0.5
270,Alejandro,Garnacho Ferreyra,0,0,1,11,1,10.5,2.0,6.0,0,4,1.9,0,0,0,0.3,64,MID,0.2
271,Jorrel,Hato,0,0,0,66,1,2.5,1.2,2.0,0,-8,0.5,0,0,2,0.2,48,DEF,0.0
272,Dean,Henderson,0,0,22,450,2,10.0,81.2,0.0,0,94,9.0,3,0,1,7.9,50,GK,4.4
273,Walter,Benítez,0,0,0,0,0,0.0,0.0,0.0,0,0,0.0,0,0,0,0.4,40,GK,0.0
274,Remi,Matthews,0,0,0,0,0,0.0,0.0,0.0,0,0,0.0,0,0,0,0.1,40,GK,0.0
275,Daniel,Muñoz Mejía,0,1,26,450,2,65.5,81.8,72.0,1,100,21.8,3,0,2,13.2,56,DEF,4.6
276,Maxence,Lacroix,0,1,30,450,2,15.6,118.8,34.0,2,112,16.8,3,0,1,4.1,51,DEF,5.9
277,Tyrick,Mitchell,1,0,30,450,2,107.3,134.2,37.0,2,126,27.9,3,0,2,2.0,50,DEF,6.0
278,Borna,Sosa,0,0,0,0,0,0.0,0.0,0.0,0,0,0.0,0,0,0,0.1,49,DEF,0.0
279,Marc,Guéhi,1,1,36,450,2,26.5,118.2,35.0,3,126,18.0,3,0,0,24.8,47,DEF,7.7
280,Chris,Richards,0,0,26,450,2,21.5,122.6,18.0,0,112,16.3,3,0,0,2.4,45,DEF,5.8
281,Chadi,Riad Dnanou,0,0,0,0,0,0.0,0.0,0.0,0,0,0.0,0,0,0,0.0,40,DEF,0.0
282,Nathaniel,Clyne,0,0,1,4,0,0.5,3.4,0.0,0,5,0.4,0,0,0,0.5,40,DEF,0.2
283,Rob,Holding,0,0,0,0,0,0.0,0.0,0.0,0,0,0.0,0,0,0,0.0,40,DEF,0.0
284,Caleb,Kporha,0,0,0,0,0,0.0,0.0,0.0,0,0,0.0,0,0,0,0.0,40,DEF,0.0
285,Ismaïla,Sarr,2,0,18,270,1,20.6,83.4,57.0,1,52,16.2,2,0,1,2.5,64,MID,2.8
286,Cheick,Doucouré,0,0,0,0,0,0.0,0.0,0.0,0,0,0.0,0,0,0,0.0,49,MID,0.0
287,Romain,Esse,0,0,1,24,0,0.4,4.6,2.0,0,6,0.7,0,0,0,0.2,48,MID,0.2
288,Will,Hughes,0,0,10,383,2,73.6,50.8,14.0,0,42,13.9,3,0,3,0.1,49,MID,2.0
289,Daichi,Kamada,0,1,11,265,1,66.8,44.0,33.0,0,60,14.4,2,0,0,0.1,50,MID,2.2
290,Jefferson,Lerma Solís,0,0,6,155,0,18.7,18.2,40.0,0,18,7.7,1,0,1,0.1,49,MID,1.2
291,Adam,Wharton,0,1,13,300,2,91.4,37.2,2.0,2,71,13.0,1,0,0,0.4,50,MID,2.6
292,Asher,Agbinone,0,0,0,0,0,0.0,0.0,0.0,0,0,0.0,0,0,0,0.1,45,MID,0.0
293,Naouirou,Ahamada,0,0,0,0,0,0.0,0.0,0.0,0,0,0.0,0,0,0,0.0,44,MID,0.0
294,Justin,Devenny,0,0,6,142,2,31.3,15.0,36.0,0,27,8.3,0,0,0,1.4,45,MID,1.3
295,Malcolm,Ebiowei,0,0,0,0,0,0.0,0.0,0.0,0,0,0.0,0,0,0,0.0,45,MID,0.0
296,Jesurun,Rak-Sakyi,0,0,0,0,0,0.0,0.0,0.0,0,0,0.0,0,0,0,0.1,44,MID,0.0
297,Matheus,França de Oliveira,0,0,0,0,0,0.0,0.0,0.0,0,0,0.0,0,0,0,0.0,45,MID,0.0
298,David,Ozoh,0,0,0,0,0,0.0,0.0,0.0,0,0,0.0,0,0,0,0.0,45,MID,0.0
299,Kaden,Rodney,0,0,0,0,0,0.0,0.0,0.0,0,0,0.0,0,0,0,0.0,45,MID,0.0
300,Franco,Umeh-Chibueze,0,0,0,0,0,0.0,0.0,0.0,0,0,0.0,0,0,0,0.0,45,MID,0.0
301,Jean-Philippe,Mateta,2,0,16,441,2,9.6,102.6,150.0,0,68,26.3,3,0,2,11.0,76,FWD,2.1
302,Eddie,Nketiah,0,0,1,15,0,10.4,3.4,7.0,0,3,2.1,0,0,0,0.2,54,FWD,0.2
303,Odsonne,Édouard,0,0,1,2,0,0.0,2.0,0.0,0,6,0.2,0,0,0,0.4,50,FWD,0.2
304,Zach,Marsh,0,0,0,0,0,0.0,0.0,0.0,0,0,0.0,0,0,0,0.3,45,FWD,0.0
305,Rio,Cardines,0,0,0,0,0,0.0,0.0,0.0,0,0,0.0,0,0,0,0.2,45,MID,0.0
306,Yéremy,Pino Santos,0,0,5,147,0,41.0,8.8,23.0,0,15,7.0,1,0,0,0.2,60,MID,0.8
307,Jaydee,Canvot,0,0,0,0,0,0.0,0.0,0.0,0,0,0.0,0,0,0,0.0,45,DEF,0.0
308,Christantus,Uche,0,0,1,6,0,0.8,3.4,19.0,0,6,2.3,0,0,0,0.0,55,FWD,0.2
309,Kiernan,Dewsbury-Hall,1,1,19,450,5,183.6,92.6,45.0,3,94,32.2,2,0,4,4.9,50,MID,3.8
310,Jordan,Pickford,0,0,25,450,5,0.0,108.0,0.0,3,84,10.8,2,0,0,11.3,55,GK,4.5
311,Mark,Travers,0,0,0,0,0,0.0,0.0,0.0,0,0,0.0,0,0,0,0.1,45,GK,0.0
312,Harry,Tyrer,0,0,0,0,0,0.0,0.0,0.0,0,0,0.0,0,0,0,0.1,40,GK,0.0
313,Jarrad,Branthwaite,0,0,0,0,0,0.0,0.0,0.0,0,0,0.0,0,0,0,0.2,53,DEF,0.0
314,James,Tarkowski,0,0,26,450,5,21.3,131.2,17.0,0,78,17.0,2,0,0,7.6,55,DEF,4.7
315,Vitalii,Mykolenko,0,0,2,175,4,16.7,19.2,6.0,0,3,4.2,0,0,0,0.4,49,DEF,0.4
316,Jake,O'Brien,0,0,16,450,5,36.0,53.2,20.0,0,44,11.0,2,0,0,0.5,50,DEF,3.2
317,Séamus,Coleman,0,0,1,1,0,0.0,0.0,0.0,0,3,0.0,0,0,0,0.1,44,DEF,0.2
318,Michael,Keane,0,0,20,450,5,12.4,94.8,40.0,0,68,14.7,2,0,0,0.7,45,DEF,4.4
319,Nathan,Patterson,0,0,0,0,0,0.0,0.0,0.0,0,0,0.0,0,0,0,0.0,44,DEF,0.0
320,Roman,Dixon,0,0,0,0,0,0.0,0.0,0.0,0,0,0.0,0,0,0,0.2,40,DEF,0.0
321,Reece,Welch,0,0,0,0,0,0.0,0.0,0.0,0,0,0.0,0,0,0,0.1,39,DEF,0.0
322,Iliman,Ndiaye,2,1,28,418,5,91.1,142.0,81.0,0,108,31.5,2,0,1,9.9,65,MID,4.3
323,Dwight,McNeil,0,0,1,19,0,11.3,0.0,8.0,0,2,1.8,0,0,0,0.2,57,MID,0.2
324,Carlos,Alcaraz Durán,0,0,4,117,1,4.8,14.6,21.0,0,21,4.0,0,0,1,0.1,53,MID,0.8
325,Idrissa Gana,Gueye,1,0,20,435,4,47.9,82.0,58.0,1,95,18.8,2,0,0,0.1,54,MID,3.7
326,James,Garner,1,0,25,450,5,93.0,129.8,15.0,3,116,23.8,2,0,1,0.6,50,MID,5.0
327,Tim,Iroegbunam,0,0,7,219,1,5.1,32.4,5.0,0,20,4.3,3,0,3,0.0,49,MID,1.4
328,Harrison,Armstrong,0,0,1,1,0,0.0,0.0,0.0,0,3,0.0,0,0,0,0.1,45,MID,0.2
329,Callum,Bates,0,0,0,0,0,0.0,0.0,0.0,0,0,0.0,0,0,0,0.1,45,MID,0.0
330,Coby,Ebere,0,0,0,0,0,0.0,0.0,0.0,0,0,0.0,0,0,0,0.0,45,MID,0.0
331,Isaac,Heath,0,0,0,0,0,0.0,0.0,0.0,0,0,0.0,0,0,0,0.0,45,MID,0.0
332,Jenson,Metcalfe,0,0,0,0,0,0.0,0.0,0.0,0,0,0.0,0,0,0,0.0,45,MID,0.0
333,Thierno,Barry,0,0,6,141,1,8.6,6.6,29.0,0,9,3.7,1,0,0,0.4,58,FWD,1.0
334,Norberto Bercique,Gomes Betuncal,1,0,12,310,4,18.4,42.4,91.0,1,35,14.1,1,0,1,5.0,54,FWD,2.2
335,Youssef,Ramalho Chermiti,0,0,0,0,0,0.0,0.0,0.0,0,0,0.0,0,0,0,0.1,49,FWD,0.0
336,Martin,Sherif,0,0,0,0,0,0.0,0.0,0.0,0,0,0.0,0,0,0,0.2,44,FWD,0.0
337,Jack,Grealish,0,4,25,376,5,178.0,148.6,121.0,4,122,44.8,2,0,2,22.8,68,MID,3.7
338,Tom,King,0,0,0,0,0,0.0,0.0,0.0,0,0,0.0,0,0,0,1.3,40,GK,0.0
339,Adam,Aznou,0,0,0,0,0,0.0,0.0,0.0,0,0,0.0,0,0,0,0.1,44,DEF,0.0
340,Tyler,Onyango,0,0,0,0,0,0.0,0.0,0.0,0,0,0.0,0,0,0,0.1,45,MID,0.0
341,Elijah,Campbell,0,0,0,0,0,0.0,0.0,0.0,0,0,0.0,0,0,0,0.2,40,DEF,0.0
342,Tyler,Dibling,0,0,1,4,0,0.5,0.0,0.0,0,2,0.0,0,0,0,0.0,55,MID,0.2
343,Merlin,Röhl,0,0,1,24,0,10.7,3.0,1.0,0,5,1.5,0,0,0,0.0,50,MID,0.2
344,Bernd,Leno,0,0,17,450,5,0.0,119.4,0.0,1,77,11.9,1,0,1,1.6,50,GK,3.4
345,Steven,Benda,0,0,0,0,0,0.0,0.0,0.0,0,0,0.0,0,0,0,0.0,40,GK,0.0
346,Antonee,Robinson,0,0,2,51,0,21.5,11.8,4.0,0,9,3.8,0,0,0,0.8,50,DEF,0.4
347,Joachim,Andersen,0,0,23,450,5,27.4,123.2,29.0,2,88,17.9,1,0,0,3.9,45,DEF,5.1
348,Calvin,Bassey,0,0,17,450,5,7.5,80.8,9.0,3,65,9.8,1,0,1,0.6,45,DEF,3.8
349,Timothy,Castagne,0,0,3,126,3,19.1,14.8,28.0,0,3,6.2,0,0,0,0.1,44,DEF,0.7
350,Issa,Diop,0,0,0,0,0,0.0,0.0,0.0,0,0,0.0,0,0,0,0.1,44,DEF,0.0
351,Jorge,Cuenca Barreno,0,0,3,87,1,1.2,14.6,4.0,0,16,2.0,0,0,0,0.0,44,DEF,0.7
352,Kenny,Tete,0,0,15,450,5,40.5,86.8,14.0,0,76,14.2,1,0,0,0.2,45,DEF,3.3
353,Samuel,Amissah,0,0,0,0,0,0.0,0.0,0.0,0,0,0.0,0,0,0,0.1,39,DEF,0.0
354,Alex,Iwobi,1,2,26,392,5,113.8,100.6,38.0,5,90,25.3,1,0,1,1.7,65,MID,4.0
355,Emile,Smith Rowe,1,0,10,95,0,23.0,40.0,40.0,0,33,10.3,0,0,0,0.7,59,MID,1.7
356,Adama,Traoré Diarra,0,0,3,60,0,16.1,4.2,12.0,0,6,2.9,0,0,0,0.2,53,MID,0.6
357,Andreas,Hoelgebaum Pereira,0,0,0,0,0,0.0,0.0,0.0,0,0,0.0,0,0,0,0.1,53,MID,0.0
358,Ryan,Sessegnon,0,1,12,307,4,45.2,59.6,39.0,0,54,14.3,1,0,0,0.0,54,MID,2.2
359,Harry,Wilson,1,1,17,292,2,51.4,63.2,65.0,2,70,17.9,0,0,0,0.4,54,MID,3.1
360,Sander,Berge,0,0,12,418,5,37.9,55.2,13.0,0,58,10.6,1,0,1,0.1,50,MID,2.4
361,Tom,Cairney,0,0,2,34,0,1.3,0.4,0.0,0,4,0.2,0,0,1,0.0,49,MID,0.4
362,Saša,Lukić,0,1,13,445,5,160.3,50.0,22.0,0,67,23.2,1,0,3,0.1,50,MID,2.6
363,Martial,Godo,0,0,0,0,0,0.0,0.0,0.0,0,0,0.0,0,0,0,0.0,45,MID,0.0
364,Luke,Harris,0,0,0,0,0,0.0,0.0,0.0,0,0,0.0,0,0,0,0.0,45,MID,0.0
365,Josh,King,0,0,8,337,5,32.2,28.4,69.0,0,30,12.3,0,0,1,3.8,45,MID,1.8
366,Harrison,Reed,0,0,0,0,0,0.0,0.0,0.0,0,0,0.0,0,0,0,0.3,44,MID,0.0
367,Raúl,Jiménez Rodríguez,0,0,6,131,1,7.9,5.2,20.0,0,4,2.6,0,0,0,1.1,63,FWD,1.0
368,Rodrigo,Muniz Carvalho,1,1,15,314,4,41.7,58.8,103.0,3,38,20.0,1,0,1,2.5,55,FWD,2.7
369,Benjamin,Lecomte,0,0,0,0,0,0.0,0.0,0.0,0,0,0.0,0,0,0,0.7,40,GK,0.0
370,Samuel,Chukwueze,0,0,0,0,0,0.0,0.0,0.0,0,0,0.0,0,0,0,0.0,55,MID,0.0
371,Kevin,Santos Lopes de Macedo,0,0,1,37,0,19.8,13.6,7.0,0,8,4.0,0,0,1,0.1,60,MID,0.2
372,Jonah,Kusi-Asare,0,0,0,0,0,0.0,0.0,0.0,0,0,0.0,0,0,0,0.0,45,FWD,0.0
373,Illan,Meslier,0,0,0,0,0,0.0,0.0,0.0,0,0,0.0,0,0,0,0.5,44,GK,0.0
374,Alex,Cairns,0,0,0,0,0,0.0,0.0,0.0,0,0,0.0,0,0,0,0.2,40,GK,0.0
375,Karl,Darlow,0,0,6,180,2,0.0,58.6,0.0,0,38,5.9,0,0,0,2.5,40,GK,1.5
376,Jayden,Bogle,0,1,17,434,6,16.9,53.4,29.0,0,51,9.9,2,0,2,0.2,45,DEF,3.8
377,Pascal,Struijk,0,0,20,450,7,14.3,98.6,26.0,2,77,14.0,2,0,0,0.4,45,DEF,4.4
378,Jaka,Bijol,0,0,0,0,0,0.0,0.0,0.0,0,0,0.0,0,0,0,0.1,40,DEF,0.0
379,Sebastiaan,Bornauw,0,0,0,0,0,0.0,0.0,0.0,0,0,0.0,0,0,0,0.1,39,DEF,0.0
380,Sam,Byram,0,0,1,7,1,0.0,0.0,0.0,0,-2,0.0,0,0,0,0.3,39,DEF,0.3
381,Gabriel,Gudmundsson,0,0,21,439,7,74.1,83.6,27.0,6,67,18.5,2,0,1,5.5,40,DEF,5.2
382,Joe,Rodon,0,0,22,450,7,2.8,97.8,4.0,2,76,10.5,2,0,0,4.1,40,DEF,5.5
383,Isaac,Schmidt,0,0,0,0,0,0.0,0.0,0.0,0,0,0.0,0,0,0,0.1,40,DEF,0.0
384,Brenden,Aaronson,0,0,10,243,2,45.1,38.6,30.0,0,51,11.4,1,0,0,0.1,54,MID,1.9
385,Wilfried,Gnonto,0,0,6,191,5,21.4,15.8,16.0,0,27,5.3,1,0,1,0.2,53,MID,1.1
386,Jack,Harrison,0,0,4,84,1,7.6,10.6,4.0,0,20,2.3,0,0,0,0.1,53,MID,0.8
387,Daniel,James,0,0,7,212,4,31.1,11.8,29.0,0,23,7.2,1,0,0,0.2,53,MID,1.3
388,Ethan,Ampadu,0,0,11,257,2,12.4,41.6,3.0,0,45,5.7,1,0,0,0.1,49,MID,2.2
389,Sam,Greenwood,0,0,0,0,0,0.0,0.0,0.0,0,0,0.0,0,0,0,0.0,49,MID,0.0
390,Ilia,Gruev,0,0,7,193,5,8.6,24.6,2.0,0,40,3.5,1,0,0,0.0,49,MID,1.4
391,Largie,Ramazani,0,0,0,0,0,0.0,0.0,0.0,0,0,0.0,0,0,0,0.0,49,MID,0.0
392,Tanaka,Ao,0,0,5,154,4,27.6,4.2,9.0,0,19,4.1,1,0,0,0.1,49,MID,1.0
393,Charlie,Crew,0,0,0,0,0,0.0,0.0,0.0,0,0,0.0,0,0,0,0.0,45,MID,0.0
394,Joe,Gelhardt,0,0,0,0,0,0.0,0.0,0.0,0,0,0.0,0,0,0,0.0,45,MID,0.0
395,Darko,Gyabi,0,0,0,0,0,0.0,0.0,0.0,0,0,0.0,0,0,0,0.0,45,MID,0.0
396,Joël,Piroe,0,0,3,134,4,6.9,2.0,44.0,0,7,5.3,1,0,0,0.6,53,FWD,0.6
397,Patrick,Bamford,0,0,0,0,0,0.0,0.0,0.0,0,0,0.0,0,0,0,0.7,49,FWD,0.0
398,Mateo,Joseph Fernández-Regatillo,0,0,0,0,0,0.0,0.0,0.0,0,0,0.0,0,0,0,0.0,50,FWD,0.0
399,Lukas,Nmecha,1,0,10,135,2,8.1,45.6,33.0,0,35,8.6,1,0,0,0.8,50,FWD,2.0
400,Sean,Longstaff,0,0,11,295,3,19.0,42.6,12.0,0,52,7.4,1,0,0,0.2,49,MID,2.2
401,Anton,Stach,1,2,29,450,7,167.1,111.6,59.0,3,96,33.8,2,0,1,1.6,50,MID,5.8
402,Lucas Estella,Perri,0,0,12,270,5,0.0,29.2,0.0,0,36,2.9,2,0,0,0.3,45,GK,2.7
403,Dominic,Calvert-Lewin,1,1,14,178,1,32.2,41.8,60.0,2,48,13.5,1,0,0,0.5,55,FWD,2.5
404,Noah,Okafor,1,0,11,160,2,20.4,47.4,40.0,1,30,10.8,1,0,1,0.1,55,MID,2.0
405,James,Justin,0,0,2,17,0,0.0,4.0,0.0,0,7,0.4,0,0,0,0.2,40,DEF,0.5
406,Harry,Gray,0,0,0,0,0,0.0,0.0,0.0,0,0,0.0,0,0,0,0.0,45,FWD,0.0
407,Alisson,Becker,0,0,18,450,5,0.1,60.6,0.0,2,74,6.1,2,0,0,10.7,55,GK,3.3
408,Giorgi,Mamardashvili,0,0,0,0,0,0.0,0.0,0.0,0,0,0.0,0,0,0,0.3,43,GK,0.0
409,Ármin,Pécsi,0,0,0,0,0,0.0,0.0,0.0,0,0,0.0,0,0,0,0.2,39,GK,0.0
410,Freddie,Woodman,0,0,0,0,0,0.0,0.0,0.0,0,0,0.0,0,0,0,0.1,40,GK,0.0
411,Jeremie,Frimpong,0,1,5,62,0,1.9,8.4,21.0,0,22,3.2,0,0,0,8.5,59,DEF,0.8
412,Milos,Kerkez,0,0,11,366,3,38.5,72.2,12.0,0,53,12.4,1,0,2,5.1,59,DEF,1.9
413,Andrew,Robertson,0,0,1,82,2,72.1,30.0,25.0,0,17,12.8,0,0,0,1.1,59,DEF,0.2
414,Virgil,van Dijk,0,0,26,450,5,22.4,166.6,29.0,4,91,21.8,2,0,0,29.8,61,DEF,4.3
415,Ibrahima,Konaté,0,0,20,434,5,29.8,99.0,14.0,3,75,14.3,2,0,1,3.4,55,DEF,3.6
416,Conor,Bradley,0,0,2,145,2,13.5,17.2,18.0,0,5,4.8,0,0,2,0.1,50,DEF,0.4
417,Joe,Gomez,0,0,2,29,1,0.5,14.6,0.0,0,5,1.5,0,0,0,0.1,50,DEF,0.4
418,Konstantinos,Tsimikas,0,0,0,0,0,0.0,0.0,0.0,0,0,0.0,0,0,0,0.1,48,DEF,0.0
419,Amara,Nallo,0,0,0,0,0,0.0,0.0,0.0,0,0,0.0,0,0,0,0.2,39,DEF,0.0
420,Rhys,Williams,0,0,0,0,0,0.0,0.0,0.0,0,0,0.0,0,0,0,0.2,39,DEF,0.0
421,Calvin,Ramsay,0,0,0,0,0,0.0,0.0,0.0,0,0,0.0,0,0,0,0.2,39,DEF,0.0
422,Mohamed,Salah,2,2,30,450,5,106.2,127.0,128.0,2,105,36.1,2,0,0,50.9,145,MID,2.1
423,Florian,Wirtz,0,0,10,363,3,138.1,39.2,80.0,0,47,25.7,2,0,1,13.6,82,MID,1.2
424,Luis,Díaz Marulanda,0,0,0,0,0,0.0,0.0,0.0,0,0,0.0,0,0,0,0.1,80,MID,0.0
425,Cody,Gakpo,1,2,25,420,5,137.4,112.4,118.0,2,97,36.8,2,0,0,16.5,77,MID,3.2
426,Federico,Chiesa,1,0,9,47,1,1.3,36.6,27.0,0,32,6.4,0,0,0,0.3,64,MID,1.4
427,Alexis,Mac Allister,0,1,11,236,2,45.2,41.6,21.0,0,57,10.8,1,0,0,1.4,64,MID,1.7
428,Dominik,Szoboszlai,1,0,21,450,5,83.5,103.6,69.0,3,99,25.7,2,0,1,3.9,65,MID,3.2
429,Curtis,Jones,0,1,8,166,3,35.0,30.4,0.0,0,43,6.5,0,0,0,0.1,54,MID,1.5
430,Ryan,Gravenberch,2,1,27,360,3,91.9,135.4,37.0,4,108,26.5,2,0,2,2.8,56,MID,4.8
431,Endo,Wataru,0,1,5,32,2,10.7,24.6,0.0,0,16,3.5,0,0,1,0.1,49,MID,1.0
432,Stefan,Bajčetić Maquieira,0,0,0,0,0,0.0,0.0,0.0,0,0,0.0,0,0,0,0.1,44,MID,0.0
433,James,McConnell,0,0,0,0,0,0.0,0.0,0.0,0,0,0.0,0,0,0,0.0,44,MID,0.0
434,Tyler,Morton,0,0,0,0,0,0.0,0.0,0.0,0,0,0.0,0,0,0,0.0,45,MID,0.0
435,Trey,Nyoni,0,0,0,0,0,0.0,0.0,0.0,0,0,0.0,0,0,0,0.2,44,MID,0.0
436,Darwin,Núñez Ribeiro,0,0,0,0,0,0.0,0.0,0.0,0,0,0.0,0,0,0,0.1,65,FWD,0.0
437,Jayden,Danns,0,0,0,0,0,0.0,0.0,0.0,0,0,0.0,0,0,0,0.1,44,FWD,0.0
438,Alexander,Isak,0,0,1,23,0,0.3,2.4,4.0,0,5,0.7,0,0,0,10.5,105,FWD,0.1
439,Hugo,Ekitiké,3,1,32,365,3,51.8,147.8,95.0,7,120,29.4,2,0,0,25.9,87,FWD,3.7
440,Rio,Ngumoha,1,0,7,4,0,11.4,36.2,23.0,0,31,7.1,0,0,0,0.6,45,MID,1.6
441,Giovanni,Leoni,0,0,0,0,0,0.0,0.0,0.0,0,0,0.0,0,0,0,0.0,50,DEF,0.0
442,James,Trafford,0,0,11,270,4,0.0,100.2,0.0,0,62,10.1,1,0,0,1.6,49,GK,2.2
443,Ederson,Santana de Moraes,0,0,0,0,0,0.0,0.0,0.0,0,0,0.0,0,0,0,1.2,53,GK,0.0
444,Stefan,Ortega Moreno,0,0,0,0,0,0.0,0.0,0.0,0,0,0.0,0,0,0,0.2,49,GK,0.0
445,Marcus,Bettinelli,0,0,0,0,0,0.0,0.0,0.0,0,0,0.0,0,0,0,0.1,40,GK,0.0
446,Rayan,Aït-Nouri,0,0,10,202,2,26.7,43.0,7.0,1,34,7.6,1,0,1,8.4,59,DEF,1.7
447,Joško,Gvardiol,0,0,10,180,1,1.5,39.2,0.0,0,38,4.0,1,0,0,4.0,58,DEF,1.7
448,Manuel,Akanji,0,0,0,0,0,0.0,0.0,0.0,0,0,0.0,0,0,0,0.4,54,DEF,0.0
449,Nathan,Aké,0,0,3,91,3,10.3,18.2,5.0,0,13,3.4,0,0,0,0.7,54,DEF,0.6
450,Abdukodir,Khusanov,0,0,11,227,1,5.2,42.4,0.0,0,46,4.8,1,0,1,0.4,54,DEF,2.0
451,Matheus,Nunes,0,0,4,153,2,7.3,26.0,0.0,0,17,3.3,0,0,0,0.3,53,DEF,0.8
452,Rúben,dos Santos Gato Alves Dias,0,0,16,365,4,5.0,68.4,2.0,0,60,7.6,2,0,0,4.2,55,DEF,2.9
453,John,Stones,0,0,9,264,5,5.8,53.8,2.0,0,43,6.2,1,0,0,0.8,55,DEF,1.6
454,Rico,Lewis,0,1,13,160,3,28.2,46.4,13.0,2,44,8.7,1,0,0,2.6,50,DEF,2.6
455,Nico,O'Reilly,0,0,13,218,1,9.0,42.8,3.0,0,41,5.4,2,0,1,0.3,49,DEF,2.7
456,Vitor,de Oliveira Nunes dos Reis,0,0,0,0,0,0.0,0.0,0.0,0,0,0.0,0,0,0,0.0,50,DEF,0.0
457,Omar,Marmoush,0,1,9,148,3,36.1,38.2,58.0,2,37,13.3,0,0,0,3.3,83,MID,1.1
458,Phil,Foden,1,0,16,172,0,32.6,52.2,35.0,2,55,12.0,2,0,0,3.7,80,MID,2.0
459,Sávio,Moreira de Oliveira,0,0,2,16,1,1.3,5.2,33.0,0,7,3.9,0,0,0,0.4,69,MID,0.3
460,Bernardo,Mota Veiga de Carvalho e Silva,0,1,13,349,2,116.2,61.2,20.0,0,61,19.7,2,0,1,0.6,64,MID,2.0
461,Rayan,Cherki,1,0,7,70,2,28.3,50.2,15.0,0,32,9.4,0,0,0,2.5,63,MID,1.1
462,Jérémy,Doku,0,2,18,281,1,112.4,61.4,35.0,1,54,20.8,3,0,0,3.0,64,MID,2.8
463,İlkay,Gündoğan,0,0,0,0,0,0.0,0.0,0.0,0,0,0.0,0,0,0,0.1,63,MID,0.0
464,Rodrigo 'Rodri',Hernandez Cascante,0,0,10,270,3,37.8,47.4,19.0,0,51,10.4,1,0,0,0.7,64,MID,1.6
465,Mateo,Kovačić,0,0,0,0,0,0.0,0.0,0.0,0,0,0.0,0,0,0,0.0,59,MID,0.0
466,Nico,González Iglesias,0,0,6,192,3,12.9,46.2,6.0,0,49,6.4,1,0,1,0.1,60,MID,1.0
467,Oscar,Bobb,0,1,11,257,4,76.8,42.6,42.0,0,47,16.2,1,0,0,0.4,55,MID,2.0
468,Claudio,Echeverri,0,0,0,0,0,0.0,0.0,0.0,0,0,0.0,0,0,0,0.0,54,MID,0.0
469,Tijjani,Reijnders,1,2,26,450,5,102.2,106.2,75.0,2,95,28.4,2,0,1,32.1,56,MID,4.6
470,Sverre,Nypan,0,0,0,0,0,0.0,0.0,0.0,0,0,0.0,0,0,0,0.0,50,MID,0.0
471,Kalvin,Phillips,0,0,0,0,0,0.0,0.0,0.0,0,0,0.0,0,0,0,0.1,49,MID,0.0
472,Erling,Haaland,6,0,46,413,4,30.9,204.0,286.0,12,179,52.2,3,0,0,43.9,143,FWD,3.2
473,Gianluigi,Donnarumma,0,0,7,180,1,0.0,30.0,0.0,0,33,3.0,1,0,1,6.0,56,GK,1.2
474,Divine,Mukasa,0,0,0,0,0,0.0,0.0,0.0,0,0,0.0,0,0,0,0.0,45,MID,0.0
475,Stephen,Mfuni,0,0,0,0,0,0.0,0.0,0.0,0,0,0.0,0,0,0,0.0,40,DEF,0.0
476,Bryan,Mbeumo,1,0,19,429,7,170.1,70.0,170.0,3,72,41.0,1,0,0,15.2,81,MID,2.3
477,Altay,Bayındır,0,0,9,450,8,10.0,74.0,0.0,0,38,8.4,0,0,0,0.4,50,GK,1.8
478,André,Onana,0,0,0,0,0,0.0,0.0,0.0,0,0,0.0,0,0,0,0.2,49,GK,0.0
479,Elyh,Harrison,0,0,0,0,0,0.0,0.0,0.0,0,0,0.0,0,0,0,0.0,40,GK,0.0
480,Tom,Heaton,0,0,0,0,0,0.0,0.0,0.0,0,0,0.0,0,0,0,0.3,40,GK,0.0
481,Dermot,Mee,0,0,0,0,0,0.0,0.0,0.0,0,0,0.0,0,0,0,0.1,40,GK,0.0
482,Matthijs,de Ligt,0,0,15,450,8,40.5,114.4,31.0,3,70,18.5,0,0,0,2.8,50,DEF,3.0
483,Lisandro,Martínez,0,0,0,0,0,0.0,0.0,0.0,0,0,0.0,0,0,0,0.1,49,DEF,0.0
484,Noussair,Mazraoui,0,0,9,130,2,14.2,31.2,4.0,1,40,4.9,1,0,0,0.3,49,DEF,1.8
485,Diego,León Blanco,0,0,0,0,0,0.0,0.0,0.0,0,0,0.0,0,0,0,0.1,43,DEF,0.0
486,Diogo,Dalot Teixeira,0,1,6,182,4,52.0,43.6,18.0,0,18,11.3,0,0,0,1.0,44,DEF,1.4
487,Patrick,Dorgu,0,1,9,360,6,83.0,70.2,52.0,0,37,20.5,0,0,1,5.3,45,DEF,2.0
488,Harry,Maguire,0,1,14,110,1,11.6,24.6,10.0,2,34,4.6,1,0,0,0.7,44,DEF,3.2
489,Luke,Shaw,0,0,8,435,8,25.0,56.6,5.0,0,29,8.6,0,0,0,0.3,45,DEF,1.8
490,Leny,Yoro,0,1,13,341,7,19.3,41.6,15.0,1,30,7.5,0,0,0,2.2,45,DEF,2.9
491,Harry,Amass,0,0,0,0,0,0.0,0.0,0.0,0,0,0.0,0,0,0,0.1,40,DEF,0.0
492,Tyler,Fredricson,0,0,0,0,0,0.0,0.0,0.0,0,0,0.0,0,0,0,0.1,39,DEF,0.0
493,Ayden,Heaven,0,0,1,3,0,0.0,2.0,0.0,0,3,0.2,0,0,0,1.2,39,DEF,0.3
494,Tyrell,Malacia,0,0,0,0,0,0.0,0.0,0.0,0,0,0.0,0,0,0,0.4,39,DEF,0.0
495,Bruno,Borges Fernandes,2,0,26,446,8,219.8,164.0,96.0,5,123,48.1,0,0,1,19.6,90,MID,2.9
496,Matheus,Santos Carneiro da Cunha,0,0,6,236,3,47.6,37.4,83.0,0,35,16.9,0,0,0,4.4,80,MID,0.8
497,Marcus,Rashford,0,0,0,0,0,0.0,0.0,0.0,0,0,0.0,0,0,0,0.0,70,MID,0.0
498,Amad,Diallo,0,1,11,356,6,77.9,59.8,95.0,0,68,23.3,0,0,0,1.6,63,MID,1.7
499,Antony,dos Santos,0,0,0,0,0,0.0,0.0,0.0,0,0,0.0,0,0,0,0.1,59,MID,0.0
500,Mason,Mount,0,0,7,198,2,69.0,19.0,31.0,0,28,11.9,1,0,0,0.2,59,MID,1.2
501,Carlos Henrique,Casimiro,1,1,11,246,4,33.6,53.6,50.0,0,54,13.7,0,1,1,0.2,55,MID,2.0
502,Kobbie,Mainoo,0,0,3,76,3,39.5,16.0,3.0,0,15,5.8,0,0,0,0.5,48,MID,0.6
503,Manuel,Ugarte Ribeiro,0,0,7,170,5,21.5,27.8,2.0,0,30,5.1,0,0,0,0.1,49,MID,1.4
504,Toby,Collyer,0,0,0,0,0,0.0,0.0,0.0,0,0,0.0,0,0,0,0.0,45,MID,0.0
505,Jayce,Fitzgerald,0,0,0,0,0,0.0,0.0,0.0,0,0,0.0,0,0,0,0.0,44,MID,0.0
506,Jack,Fletcher,0,0,0,0,0,0.0,0.0,0.0,0,0,0.0,0,0,0,0.1,44,MID,0.0
507,Sékou,Koné,0,0,0,0,0,0.0,0.0,0.0,0,0,0.0,0,0,0,0.1,44,MID,0.0
508,Jack,Moorhouse,0,0,0,0,0,0.0,0.0,0.0,0,0,0.0,0,0,0,0.0,45,MID,0.0
509,Rasmus,Højlund,0,0,0,0,0,0.0,0.0,0.0,0,0,0.0,0,0,0,0.3,63,FWD,0.0
510,Joshua,Zirkzee,0,0,2,69,2,15.7,8.4,54.0,0,2,7.9,0,0,0,0.4,59,FWD,0.3
511,Chido,Obi,0,0,0,0,0,0.0,0.0,0.0,0,0,0.0,0,0,0,1.4,44,FWD,0.0
512,Ethan,Wheatley,0,0,0,0,0,0.0,0.0,0.0,0,0,0.0,0,0,0,0.1,45,FWD,0.0
513,Benjamin,Sesko,0,0,6,204,4,32.0,1.6,31.0,0,10,5.9,0,0,0,4.6,73,FWD,0.8
514,Senne,Lammens,0,0,0,0,0,0.0,0.0,0.0,0,0,0.0,0,0,0,0.1,50,GK,0.0
515,Jacob,Ramsey,0,0,2,59,1,41.8,13.4,7.0,0,13,6.2,0,0,0,0.3,53,MID,0.4
516,Yoane,Wissa,0,0,0,0,0,0.0,0.0,0.0,0,0,0.0,0,0,0,0.7,74,FWD,0.0
517,Nick,Pope,0,1,32,450,3,0.0,88.4,0.0,3,115,8.8,4,0,1,6.4,50,GK,6.4
518,Mark,Gillespie,0,0,0,0,0,0.0,0.0,0.0,0,0,0.0,0,0,0,0.1,40,GK,0.0
519,Odysseas,Vlachodimos,0,0,0,0,0,0.0,0.0,0.0,0,0,0.0,0,0,0,0.0,40,GK,0.0
520,Lewis,Hall,0,0,9,133,1,4.0,27.4,7.0,1,31,3.9,1,0,0,1.3,54,DEF,1.7
521,Fabian,Schär,0,0,23,350,2,25.0,80.0,15.0,0,82,12.1,3,0,0,2.4,55,DEF,4.2
522,Sven,Botman,0,0,17,158,0,0.6,44.6,0.0,4,60,4.5,2,0,0,0.5,49,DEF,3.5
523,Dan,Burn,0,0,32,450,3,18.5,92.2,25.0,2,103,13.6,4,0,1,5.8,50,DEF,6.4
524,Tino,Livramento,0,1,31,450,3,55.2,68.2,16.0,3,114,13.9,4,0,0,9.6,51,DEF,6.1
525,Kieran,Trippier,0,0,21,316,2,129.5,36.8,4.0,2,77,16.9,3,0,0,2.5,50,DEF,4.2
526,Emil,Krafth,0,0,0,0,0,0.0,0.0,0.0,0,0,0.0,0,0,0,0.0,44,DEF,0.0
527,Jamaal,Lascelles,0,0,1,6,0,0.0,3.0,0.0,0,4,0.3,0,0,0,0.1,44,DEF,0.2
528,Alex,Murphy,0,0,0,0,0,0.0,0.0,0.0,0,0,0.0,0,0,0,0.7,39,DEF,0.0
529,Harrison,Ashby,0,0,0,0,0,0.0,0.0,0.0,0,0,0.0,0,0,0,0.2,39,DEF,0.0
530,Miodrag,Pivaš,0,0,0,0,0,0.0,0.0,0.0,0,0,0.0,0,0,0,0.2,39,DEF,0.0
531,Matt,Targett,0,0,0,0,0,0.0,0.0,0.0,0,0,0.0,0,0,0,0.3,40,DEF,0.0
532,Anthony,Gordon,0,0,1,137,3,24.2,5.4,86.0,0,-2,11.3,1,1,0,1.0,74,MID,0.1
533,Anthony,Elanga,0,0,8,233,3,47.5,22.6,39.0,0,29,10.9,1,0,0,6.0,69,MID,1.2
534,Harvey,Barnes,0,0,10,293,2,78.5,20.2,49.0,0,32,14.6,2,0,0,0.7,65,MID,1.5
535,Bruno,Guimarães Rodriguez Moura,1,0,14,360,3,72.8,59.4,25.0,0,56,15.7,3,0,2,2.2,65,MID,2.2
536,Jacob,Murphy,0,1,13,224,0,27.7,37.2,102.0,0,34,16.6,3,0,0,1.1,63,MID,2.1
537,Joelinton Cássio,Apolinário de Lira,0,0,7,221,2,21.2,14.2,21.0,0,25,5.7,2,0,1,0.3,59,MID,1.2
538,Sandro,Tonali,0,0,14,425,2,104.1,54.8,48.0,0,81,20.7,4,0,0,1.3,54,MID,2.6
539,Antoñito,Cordero Campillo,0,0,0,0,0,0.0,0.0,0.0,0,0,0.0,0,0,0,0.0,49,MID,0.0
540,Joe,Willock,0,0,4,86,0,2.2,10.6,6.0,0,16,1.8,1,0,0,0.1,50,MID,0.8
541,Isaac,Hayden,0,0,0,0,0,0.0,0.0,0.0,0,0,0.0,0,0,0,0.0,45,MID,0.0
542,Garang,Kuol,0,0,0,0,0,0.0,0.0,0.0,0,0,0.0,0,0,0,0.1,44,MID,0.0
543,Lewis,Miley,0,0,6,166,1,27.2,20.8,6.0,0,29,5.5,1,0,0,2.0,44,MID,1.4
544,Joe,White,0,0,0,0,0,0.0,0.0,0.0,0,0,0.0,0,0,0,0.0,45,MID,0.0
545,William,Osula,1,0,10,136,1,13.5,37.0,31.0,0,38,7.9,1,0,0,0.4,55,FWD,1.8
546,Sean,Neave,0,0,0,0,0,0.0,0.0,0.0,0,0,0.0,0,0,0,0.2,44,FWD,0.0
547,Aaron,Ramsdale,0,0,0,0,0,0.0,0.0,0.0,0,0,0.0,0,0,0,0.7,49,GK,0.0
548,Malick,Thiaw,0,0,8,92,1,1.4,26.2,0.0,0,21,2.8,1,0,1,0.1,49,DEF,1.6
549,Seung-Soo,Park,0,0,0,0,0,0.0,0.0,0.0,0,0,0.0,0,0,0,0.2,45,MID,0.0
550,Nick,Woltemade,1,0,11,147,0,17.2,38.0,54.0,3,41,11.0,2,0,0,3.3,71,FWD,1.5
551,Oleksandr,Zinchenko,0,0,2,90,1,18.0,29.6,15.0,0,19,6.3,0,0,0,0.3,49,DEF,0.4
552,James,McAtee,0,0,3,67,4,35.7,9.6,4.0,0,13,5.0,0,0,0,0.1,54,MID,0.6
553,Matz,Sels,0,0,10,450,9,0.0,123.8,0.0,0,45,12.5,0,0,1,13.4,50,GK,2.0
554,Carlos Miguel,dos Santos Pereira,0,0,0,0,0,0.0,0.0,0.0,0,0,0.0,0,0,0,0.1,40,GK,0.0
555,Matt,Turner,0,0,0,0,0,0.0,0.0,0.0,0,0,0.0,0,0,0,0.1,40,GK,0.0
556,Nikola,Milenković,0,0,8,450,9,18.3,73.0,10.0,0,34,10.2,0,0,0,7.0,55,DEF,1.5
557,Murillo,Costa dos Santos,0,0,7,306,6,11.9,54.0,0.0,0,23,6.6,0,0,1,3.6,54,DEF,1.3
558,Ola,Aina,0,0,6,270,5,33.3,53.8,11.0,0,20,9.8,0,0,1,5.3,49,DEF,1.2
559,Neco,Williams,1,0,14,450,9,47.1,103.6,60.0,2,53,21.1,0,0,2,6.5,50,DEF,2.8
560,David,Mota Veiga Teixeira do Carmo,0,0,0,0,0,0.0,0.0,0.0,0,0,0.0,0,0,0,0.0,45,DEF,0.0
561,Jair,Paula da Cunha Filho,0,0,0,0,0,0.0,0.0,0.0,0,0,0.0,0,0,0,0.1,44,DEF,0.0
562,Felipe,Rodrigues da Silva,0,0,2,180,4,2.7,29.6,0.0,0,7,3.2,0,0,1,0.1,44,DEF,0.5
563,Omar,Richards,0,0,0,0,0,0.0,0.0,0.0,0,0,0.0,0,0,0,0.0,45,DEF,0.0
564,Zach,Abbott,0,0,0,0,0,0.0,0.0,0.0,0,0,0.0,0,0,0,0.2,39,DEF,0.0
565,Willy,Boly,0,0,0,0,0,0.0,0.0,0.0,0,0,0.0,0,0,0,0.5,39,DEF,0.0
566,Morgan,Gibbs-White,0,1,13,416,8,119.0,51.4,81.0,0,63,24.9,0,0,0,4.9,75,MID,1.7
567,Callum,Hudson-Odoi,1,0,16,339,6,105.5,62.8,62.0,3,65,23.1,0,0,0,1.5,60,MID,2.7
568,Elliot,Anderson,0,1,18,450,9,136.5,122.0,39.0,1,102,29.8,0,0,0,4.9,55,MID,3.3
569,João Pedro,Ferreira da Silva,0,0,1,11,0,0.5,5.0,4.0,0,6,1.0,0,0,0,0.1,54,MID,0.2
570,Nicolás,Domínguez,0,0,0,0,0,0.0,0.0,0.0,0,0,0.0,0,0,0,0.0,50,MID,0.0
571,Lewis,O'Brien,0,0,0,0,0,0.0,0.0,0.0,0,0,0.0,0,0,0,0.0,50,MID,0.0
572,Ibrahim,Sangaré,0,0,11,351,6,19.0,33.2,2.0,0,53,5.5,0,0,0,0.1,50,MID,2.2
573,Ryan,Yates,0,0,3,25,1,4.0,7.2,2.0,0,11,1.2,0,0,0,0.1,48,MID,0.6
574,Eric,da Silva Moreira,0,0,0,0,0,0.0,0.0,0.0,0,0,0.0,0,0,0,0.1,45,MID,0.0
575,Marko,Stamenić,0,0,0,0,0,0.0,0.0,0.0,0,0,0.0,0,0,0,0.0,45,MID,0.0
576,Chris,Wood,2,0,20,370,5,46.3,75.6,133.0,3,76,25.1,1,0,0,19.5,76,FWD,2.6
577,Igor Jesus,Maciel da Cruz,0,0,4,45,3,12.7,7.2,25.0,0,13,4.3,0,0,0,0.5,58,FWD,0.7
578,Taiwo,Awoniyi,0,0,0,0,0,0.0,0.0,0.0,0,0,0.0,0,0,0,0.4,53,FWD,0.0
579,Dan,Ndoye,1,1,21,370,6,75.0,84.6,55.0,4,75,21.5,0,0,0,3.1,61,MID,3.4
580,Angus,Gunn,0,0,0,0,0,0.0,0.0,0.0,0,0,0.0,0,0,0,1.7,40,GK,0.0
581,Omari,Hutchinson,0,0,2,9,1,0.9,0.2,8.0,0,1,0.6,0,0,0,0.0,55,MID,0.4
582,Arnaud,Kalimuendo,0,0,4,64,2,16.1,2.8,22.0,0,8,4.1,0,0,0,0.1,60,FWD,0.7
583,Douglas Luiz,Soares de Paulo,0,1,5,75,1,18.1,4.4,8.0,0,23,3.1,0,0,0,0.1,50,MID,1.0
584,John Victor,Maciel Furtado,0,0,0,0,0,0.0,0.0,0.0,0,0,0.0,0,0,0,0.4,40,GK,0.0
585,Nicolò,Savona,0,0,0,53,2,11.1,11.0,4.0,0,4,2.6,0,0,0,0.0,45,DEF,0.0
586,Luis Eduardo,Soares da Silva,0,0,0,0,0,0.0,0.0,0.0,0,0,0.0,0,0,0,0.0,45,DEF,0.0
587,Dilane,Bakwa,0,0,2,88,2,15.2,13.6,28.0,0,11,5.7,0,0,0,0.0,60,MID,0.3
588,Anthony,Patterson,0,0,0,0,0,0.0,0.0,0.0,0,0,0.0,0,0,0,0.2,44,GK,0.0
589,Simon,Moore,0,0,0,0,0,0.0,0.0,0.0,0,0,0.0,0,0,0,0.4,40,GK,0.0
590,Blondy,Nna Noukeu,0,0,0,0,0,0.0,0.0,0.0,0,0,0.0,0,0,0,0.1,40,GK,0.0
591,Daniel,Ballard,1,0,19,151,1,20.9,87.4,67.0,3,63,17.6,1,0,0,2.6,46,DEF,4.1
592,Trai,Hume,0,0,19,450,4,72.0,83.8,10.0,0,79,16.6,2,0,0,0.3,45,DEF,4.2
593,Aji,Alese,0,0,0,0,0,0.0,0.0,0.0,0,0,0.0,0,0,0,0.0,40,DEF,0.0
594,Joe,Anderson,0,0,0,0,0,0.0,0.0,0.0,0,0,0.0,0,0,0,0.4,39,DEF,0.0
595,Dennis,Cirkin,0,0,0,0,0,0.0,0.0,0.0,0,0,0.0,0,0,0,0.0,40,DEF,0.0
596,Leo Fuhr,Hjelde,0,0,0,0,0,0.0,0.0,0.0,0,0,0.0,0,0,0,0.0,40,DEF,0.0
597,Niall,Huggins,0,0,0,0,0,0.0,0.0,0.0,0,0,0.0,0,0,0,0.1,40,DEF,0.0
598,Zak,Johnson,0,0,0,0,0,0.0,0.0,0.0,0,0,0.0,0,0,0,0.2,39,DEF,0.0
599,Luke,O'Nien,0,0,0,0,0,0.0,0.0,0.0,0,0,0.0,0,0,0,0.0,40,DEF,0.0
600,Timothée,Pembélé,0,0,0,0,0,0.0,0.0,0.0,0,0,0.0,0,0,0,0.4,39,DEF,0.0
601,Reinildo,Mandava,0,0,14,392,4,18.3,74.2,6.0,0,66,9.9,2,1,1,7.3,40,DEF,3.5
602,Jenson,Seelt,0,0,2,133,2,2.4,33.6,0.0,0,11,3.6,0,0,0,0.2,40,DEF,0.5
603,Simon,Adingra,0,1,11,230,2,59.7,20.4,6.0,0,30,8.6,2,0,1,0.9,54,MID,2.0
604,Habib,Diarra,0,1,12,345,2,31.0,10.6,45.0,0,23,8.0,2,0,1,0.1,55,MID,2.2
605,Patrick,Roberts,0,0,1,27,1,7.3,1.8,5.0,0,4,1.4,0,0,0,0.0,54,MID,0.2
606,Milan,Aleksić,0,0,0,0,0,0.0,0.0,0.0,0,0,0.0,0,0,0,0.0,49,MID,0.0
607,Enzo,Le Fée,1,0,15,211,3,41.4,79.2,21.0,2,55,14.2,0,0,0,0.4,49,MID,3.1
608,Romaine,Mundle,0,0,0,0,0,0.0,0.0,0.0,0,0,0.0,0,0,0,0.0,49,MID,0.0
609,Dan,Neil,0,0,1,1,0,0.0,1.0,0.0,0,4,0.1,0,0,0,0.0,49,MID,0.2
610,Ian,Poveda-Ocampo,0,0,0,0,0,0.0,0.0,0.0,0,0,0.0,0,0,0,0.0,49,MID,0.0
611,Chris,Rigg,0,0,3,38,0,12.1,1.4,4.0,0,11,1.8,0,0,0,0.0,48,MID,0.6
612,Noah,Sadiki,0,0,11,443,4,61.0,45.8,10.0,0,49,11.8,2,0,1,0.0,50,MID,2.2
613,Chemsdine,Talbi,0,1,16,385,2,74.2,37.8,33.0,0,43,14.5,3,0,0,0.3,50,MID,3.2
614,Abdoullah,Ba,0,0,0,0,0,0.0,0.0,0.0,0,0,0.0,0,0,0,0.2,44,MID,0.0
615,Alan,Browne,0,0,0,0,0,0.0,0.0,0.0,0,0,0.0,0,0,0,0.1,45,MID,0.0
616,Pierre,Ekwah Elimby,0,0,0,0,0,0.0,0.0,0.0,0,0,0.0,0,0,0,0.0,45,MID,0.0
617,Harrison,Jones,0,0,0,0,0,0.0,0.0,0.0,0,0,0.0,0,0,0,0.1,44,MID,0.0
618,Jay,Matete,0,0,0,0,0,0.0,0.0,0.0,0,0,0.0,0,0,0,0.2,44,MID,0.0
619,Nectarios,Triantis,0,0,0,0,0,0.0,0.0,0.0,0,0,0.0,0,0,0,0.1,44,MID,0.0
620,Wilson,Isidor,3,0,25,235,3,2.3,107.4,118.0,6,97,22.7,1,0,0,1.9,55,FWD,4.5
621,Eliezer,Mayenda Dossou,1,0,13,211,1,13.1,46.4,45.0,2,46,10.3,2,0,0,1.2,55,FWD,2.4
622,Ahmed,Abdullahi,0,0,0,0,0,0.0,0.0,0.0,0,0,0.0,0,0,0,0.4,44,FWD,0.0
623,Luís Hemir,Silva Semedo,0,0,0,0,0,0.0,0.0,0.0,0,0,0.0,0,0,0,0.2,44,FWD,0.0
624,Nazarii,Rusyn,0,0,0,0,0,0.0,0.0,0.0,0,0,0.0,0,0,0,0.1,44,FWD,0.0
625,Granit,Xhaka,0,2,20,450,4,108.0,119.6,14.0,0,92,24.1,2,0,2,2.9,50,MID,4.0
626,Robin,Roefs,0,0,29,450,4,0.0,131.0,0.0,4,96,13.0,2,0,1,2.4,45,GK,6.4
627,Arthur,Masuaku,0,0,1,10,0,0.1,2.0,0.0,0,3,0.2,0,0,0,0.6,40,DEF,0.2
628,Omar,Alderete,0,1,22,397,4,22.0,133.8,42.0,1,76,19.8,1,0,0,2.0,40,DEF,5.5
629,Nordi,Mukiele,0,0,18,270,2,42.1,86.8,18.0,2,65,14.7,1,0,0,1.1,40,DEF,4.5
630,Lutsharel,Geertruida,0,0,2,15,0,0.0,7.0,0.0,0,8,0.7,0,0,0,0.0,45,DEF,0.4
631,Brian,Brobbey,0,0,1,21,0,0.1,1.0,0.0,0,4,0.1,0,0,0,0.1,55,FWD,0.2
632,Bertrand,Traoré,0,0,0,0,0,0.0,0.0,0.0,0,0,0.0,0,0,0,0.0,55,MID,0.0
633,Guglielmo,Vicario,0,0,30,450,3,0.1,150.0,0.0,5,137,15.0,3,0,0,12.0,51,GK,5.9
634,Brandon,Austin,0,0,0,0,0,0.0,0.0,0.0,0,0,0.0,0,0,0,0.2,40,GK,0.0
635,Antonín,Kinský,0,0,0,0,0,0.0,0.0,0.0,0,0,0.0,0,0,0,1.4,40,GK,0.0
636,Pedro,Porro Sauceda,0,0,22,428,3,140.3,97.4,19.0,0,100,25.8,3,0,1,24.2,56,DEF,3.9
637,Cristian,Romero,0,1,29,450,3,26.5,126.0,43.0,3,117,19.5,3,0,2,7.2,51,DEF,5.7
638,Kevin,Danso,0,0,2,11,0,0.8,6.2,0.0,0,7,0.7,0,0,0,0.2,43,DEF,0.5
639,Ben,Davies,0,0,0,0,0,0.0,0.0,0.0,0,0,0.0,0,0,0,0.1,44,DEF,0.0
640,Radu,Drăgușin,0,0,0,0,0,0.0,0.0,0.0,0,0,0.0,0,0,0,0.0,45,DEF,0.0
641,Djed,Spence,0,0,19,341,1,31.8,41.8,26.0,0,68,9.9,3,0,2,2.4,45,DEF,4.2
642,Destiny,Udogie,0,0,3,128,2,29.2,21.4,28.0,0,16,7.9,0,0,0,0.5,44,DEF,0.7
643,Micky,van de Ven,1,0,28,439,3,17.1,106.8,39.0,2,108,16.3,3,0,1,33.6,47,DEF,6.0
644,Ashley,Phillips,0,0,0,0,0,0.0,0.0,0.0,0,0,0.0,0,0,0,0.0,40,DEF,0.0
645,Takai,Kōta,0,0,0,0,0,0.0,0.0,0.0,0,0,0.0,0,0,0,0.1,40,DEF,0.0
646,Luka,Vušković,0,0,0,0,0,0.0,0.0,0.0,0,0,0.0,0,0,0,0.6,39,DEF,0.0
647,Son,Heung-min,0,0,0,0,0,0.0,0.0,0.0,0,0,0.0,0,0,0,0.1,85,MID,0.0
648,Brennan,Johnson,2,0,20,237,1,44.8,87.0,50.0,2,67,18.3,2,0,1,6.7,70,MID,2.9
649,James,Maddison,0,0,0,0,0,0.0,0.0,0.0,0,0,0.0,0,0,0,0.1,69,MID,0.0
650,Mohammed,Kudus,0,4,25,439,3,178.9,106.8,77.0,1,80,36.2,3,0,1,31.9,66,MID,3.8
651,Dejan,Kulusevski,0,0,0,0,0,0.0,0.0,0.0,0,0,0.0,0,0,0,0.0,64,MID,0.0
652,Mathys,Tel,0,0,5,97,0,3.4,5.4,9.0,0,9,1.8,1,0,0,0.1,63,MID,0.8
653,Rodrigo,Bentancur,0,0,8,259,3,45.3,34.2,10.0,0,52,9.0,1,0,0,0.1,54,MID,1.5
654,Lucas,Bergvall,1,1,20,286,2,34.2,86.4,81.0,0,69,20.2,2,0,0,0.6,54,MID,3.7
655,Yves,Bissouma,0,0,0,0,0,0.0,0.0,0.0,0,0,0.0,0,0,0,0.1,53,MID,0.0
656,Wilson,Odobert,0,0,6,140,2,23.2,8.8,41.0,0,18,7.2,0,0,0,0.0,53,MID,1.1
657,Manor,Solomon,0,0,0,0,0,0.0,0.0,0.0,0,0,0.0,0,0,0,0.0,54,MID,0.0
658,Bryan,Gil Salvatierra,0,0,0,0,0,0.0,0.0,0.0,0,0,0.0,0,0,0,0.0,49,MID,0.0
659,Archie,Gray,0,0,4,71,0,13.2,6.0,2.0,0,17,2.2,1,0,0,0.1,49,MID,0.8
660,Mikey,Moore,0,0,0,0,0,0.0,0.0,0.0,0,0,0.0,0,0,0,0.0,50,MID,0.0
661,Pape Matar,Sarr,1,1,19,345,1,25.5,81.2,68.0,0,74,17.5,3,0,0,3.0,50,MID,3.8
662,Yang,Min-hyeok,0,0,0,0,0,0.0,0.0,0.0,0,0,0.0,0,0,0,0.0,45,MID,0.0
663,Callum,Olusesi,0,0,0,0,0,0.0,0.0,0.0,0,0,0.0,0,0,0,0.2,44,MID,0.0
664,Dominic,Solanke-Mitchell,0,0,2,31,0,0.3,6.0,25.0,0,10,3.1,0,0,0,1.3,72,FWD,0.3
665,Richarlison,de Andrade,3,1,29,347,3,48.3,141.4,190.0,6,125,38.0,2,0,1,14.9,67,FWD,4.3
666,Will,Lankshear,0,0,0,0,0,0.0,0.0,0.0,0,0,0.0,0,0,0,0.0,45,FWD,0.0
667,Dane,Scarlett,0,0,0,0,0,0.0,0.0,0.0,0,0,0.0,0,0,0,0.7,44,FWD,0.0
668,João Maria,Lobo Alves Palhares Costa Palhinha Gonçalves,1,0,20,333,3,13.8,92.8,39.0,3,76,14.6,2,0,0,0.8,55,MID,3.6
669,Xavi,Simons,0,1,7,99,0,32.0,21.6,25.0,0,27,7.9,1,0,0,3.8,71,MID,1.0
670,Randal,Kolo Muani,0,0,0,0,0,0.0,0.0,0.0,0,0,0.0,0,0,0,0.3,70,FWD,0.0
671,Igor Julio,dos Santos de Paulo,0,0,0,0,0,0.0,0.0,0.0,0,0,0.0,0,0,0,0.1,45,DEF,0.0
672,Alphonse,Areola,0,0,1,90,2,0.0,13.2,0.0,0,4,1.3,0,0,0,2.4,44,GK,0.2
673,Wes,Foderingham,0,0,0,0,0,0.0,0.0,0.0,0,0,0.0,0,0,0,0.4,40,GK,0.0
674,Krisztián,Hegyi,0,0,0,0,0,0.0,0.0,0.0,0,0,0.0,0,0,0,0.2,40,GK,0.0
675,El Hadji Malick,Diouf,0,3,18,450,13,102.9,125.6,37.0,1,50,26.6,1,0,1,4.2,44,DEF,4.1
676,Emerson,Palmieri dos Santos,0,0,0,0,0,0.0,0.0,0.0,0,0,0.0,0,0,0,0.1,44,DEF,0.0
677,Maximilian,Kilman,0,0,9,450,13,18.1,99.8,14.0,0,20,13.1,1,0,2,0.2,44,DEF,2.0
678,Konstantinos,Mavropanos,0,0,12,270,5,1.6,68.6,39.0,0,37,10.9,1,0,0,0.1,44,DEF,2.7
679,Nayef,Aguerd,0,0,3,180,8,3.9,39.0,8.0,0,-1,5.1,0,0,0,0.1,44,DEF,0.7
680,Ollie,Scarles,0,0,0,0,0,0.0,0.0,0.0,0,0,0.0,0,0,0,0.0,44,DEF,0.0
681,Jean-Clair,Todibo,0,0,1,126,5,3.4,25.2,0.0,0,0,2.9,0,0,0,0.1,44,DEF,0.2
682,Aaron,Wan-Bissaka,0,0,1,180,8,44.5,34.8,8.0,0,1,8.8,0,0,0,9.5,43,DEF,0.2
683,Kaelan,Casey,0,0,0,0,0,0.0,0.0,0.0,0,0,0.0,0,0,0,0.1,40,DEF,0.0
684,Lucas,Tolentino Coelho de Lima,2,0,24,427,13,109.0,133.6,75.0,2,84,31.9,1,0,1,3.6,59,MID,4.1
685,Tomáš,Souček,0,0,4,231,10,3.7,38.0,58.0,0,24,10.1,1,1,0,0.3,57,MID,0.7
686,James,Ward-Prowse,0,0,11,414,11,176.3,56.6,6.0,0,82,23.9,1,0,0,0.3,58,MID,1.9
687,Crysencio,Summerville,0,2,11,145,4,25.0,33.4,10.0,0,38,6.8,0,0,0,0.1,55,MID,2.0
688,Edson,Álvarez Velázquez,0,0,0,0,0,0.0,0.0,0.0,0,0,0.0,0,0,0,0.1,49,MID,0.0
689,Maxwel,Cornet,0,0,0,0,0,0.0,0.0,0.0,0,0,0.0,0,0,0,0.0,49,MID,0.0
690,Guido,Rodríguez,0,0,2,70,1,2.3,2.2,2.0,0,11,0.7,0,0,0,0.0,49,MID,0.4
691,Luis Guilherme,Lira dos Santos,0,0,2,41,1,0.0,1.4,4.0,0,3,0.3,0,0,0,0.0,49,MID,0.4
692,George,Earthy,0,0,0,0,0,0.0,0.0,0.0,0,0,0.0,0,0,0,0.1,45,MID,0.0
693,Andy,Irving,0,0,3,24,1,17.2,14.8,0.0,0,14,3.2,0,0,0,0.3,44,MID,0.7
694,Lewis,Orford,0,0,0,0,0,0.0,0.0,0.0,0,0,0.0,0,0,0,0.1,44,MID,0.0
695,Freddie,Potts,0,0,1,45,2,2.2,6.2,2.0,0,2,1.0,0,0,0,0.7,44,MID,0.2
696,Jarrod,Bowen,2,0,24,450,13,83.9,123.8,135.0,6,112,34.3,1,0,0,6.4,77,FWD,3.1
697,Niclas,Füllkrug,0,0,6,229,7,36.9,8.0,69.0,0,9,11.3,1,0,0,1.1,57,FWD,1.1
698,Callum,Marshall,0,0,0,0,0,0.0,0.0,0.0,0,0,0.0,0,0,0,0.7,44,FWD,0.0
699,Kyle,Walker-Peters,0,0,9,290,5,22.5,45.8,32.0,0,48,10.0,1,0,0,0.3,44,DEF,2.0
700,Callum,Wilson,1,0,11,170,5,13.5,50.8,82.0,2,42,14.3,0,0,0,0.4,59,FWD,1.9
701,Mads,Hermansen,0,0,9,360,11,0.0,84.8,0.0,0,27,8.5,1,0,0,0.3,45,GK,2.0
702,Mateus Gonçalo,Espanha Fernandes,0,0,7,218,4,59.5,26.0,8.0,0,36,9.3,1,0,0,0.0,55,MID,1.3
703,Soungoutou,Magassa,0,0,2,41,1,1.7,9.6,0.0,0,8,1.1,0,0,0,0.0,50,MID,0.4
704,Lukasz,Fabianski,0,0,0,0,0,0.0,0.0,0.0,0,0,0.0,0,0,0,0.0,45,GK,0.0
705,Sam,Johnstone,0,0,3,90,1,0.0,31.2,0.0,0,17,3.1,0,0,0,0.1,45,GK,0.7
706,José,Malheiro de Sá,0,0,5,360,11,10.0,44.0,0.0,0,7,5.5,0,0,0,1.5,45,GK,1.1
707,Daniel,Bentley,0,0,0,0,0,0.0,0.0,0.0,0,0,0.0,0,0,0,0.7,40,GK,0.0
708,Emmanuel,Agbadou,0,0,12,450,12,38.6,141.0,39.0,0,40,21.9,0,0,0,0.4,45,DEF,2.7
709,Matt,Doherty,0,0,0,180,5,7.7,29.0,0.0,0,4,3.7,0,0,2,0.1,44,DEF,0.0
710,Hugo,Bueno López,0,0,7,272,5,132.6,81.6,33.0,0,32,24.8,0,0,1,0.1,44,DEF,1.6
711,Yerson,Mosquera Valdelamar,0,0,3,136,4,0.5,19.2,21.0,0,9,4.1,0,0,0,0.1,44,DEF,0.7
712,Rodrigo,Martins Gomes,1,0,10,165,5,19.8,51.8,64.0,0,20,13.6,0,0,0,0.1,45,DEF,2.2
713,Santiago,Ignacio Bueno,0,0,4,124,3,19.4,33.8,2.0,0,10,5.5,0,0,0,0.0,44,DEF,0.9
714,Toti,Gomes,0,0,4,389,12,26.5,74.6,27.0,0,16,12.8,0,1,0,0.1,44,DEF,0.9
715,Ki-Jana,Hoever,0,0,2,106,4,34.2,22.8,2.0,0,1,5.9,0,0,0,1.2,40,DEF,0.5
716,Bastien,Meupiyou Menadjou,0,0,0,0,0,0.0,0.0,0.0,0,0,0.0,0,0,0,0.0,40,DEF,0.0
717,Pedro,Cardoso de Lima,0,0,0,0,0,0.0,0.0,0.0,0,0,0.0,0,0,0,0.7,40,DEF,0.0
718,Alfie,Pond,0,0,0,0,0,0.0,0.0,0.0,0,0,0.0,0,0,0,1.1,40,DEF,0.0
719,Hwang,Hee-chan,1,0,11,171,4,11.7,38.8,45.0,0,36,9.5,0,0,0,0.2,59,MID,1.9
720,André,Trindade da Costa Neto,0,0,9,262,7,12.5,30.6,2.0,0,50,4.5,0,0,1,0.1,54,MID,1.7
721,Jean-Ricner,Bellegarde,0,0,6,212,7,53.6,18.2,20.0,0,23,9.1,0,0,0,0.1,54,MID,1.1
722,Fer,López González,0,1,6,102,4,50.7,27.0,25.0,0,23,10.2,0,0,1,0.0,54,MID,1.1
723,João Victor,Gomes da Silva,0,0,12,450,12,62.6,71.4,21.0,0,80,15.6,0,0,2,0.1,54,MID,2.2
724,Gonçalo Manuel,Ganchinho Guedes,0,0,0,0,0,0.0,0.0,0.0,0,0,0.0,0,0,0,0.0,55,MID,0.0
725,Marshall,Munetsi,0,1,10,339,8,36.7,40.0,53.0,0,36,12.8,0,0,1,0.0,55,MID,1.8
726,Boubacar,Traoré,0,0,0,0,0,0.0,0.0,0.0,0,0,0.0,0,0,0,0.0,50,MID,0.0
727,Tawanda,Chirewa,0,0,0,0,0,0.0,0.0,0.0,0,0,0.0,0,0,0,0.3,44,MID,0.0
728,Tom,Edozie,0,0,0,0,0,0.0,0.0,0.0,0,0,0.0,0,0,0,0.4,44,MID,0.0
729,Enso,González Medina,0,0,0,0,0,0.0,0.0,0.0,0,0,0.0,0,0,0,1.7,44,MID,0.0
730,Joe,Hodge,0,0,0,0,0,0.0,0.0,0.0,0,0,0.0,0,0,0,0.0,45,MID,0.0
731,Jørgen,Strand Larsen,0,0,5,203,5,7.7,14.2,78.0,0,14,9.7,0,0,0,1.5,64,FWD,0.8
732,Fábio,Soares Silva,0,0,0,0,0,0.0,0.0,0.0,0,0,0.0,0,0,0,0.3,49,FWD,0.0
733,Saša,Kalajdžić,0,0,1,14,0,4.3,1.0,2.0,0,1,0.7,0,0,0,0.1,49,FWD,0.2
734,Leon,Chiwome,0,0,0,0,0,0.0,0.0,0.0,0,0,0.0,0,0,0,0.0,45,FWD,0.0
735,Nathan,Fraser,0,0,0,0,0,0.0,0.0,0.0,0,0,0.0,0,0,0,2.3,44,FWD,0.0
736,Jhon,Arias,0,0,6,177,5,48.5,30.2,36.0,0,25,11.4,0,0,0,0.3,52,MID,1.2
737,David,Møller Wolfe,0,1,6,131,4,16.1,30.6,4.0,0,16,5.1,0,0,0,0.1,45,DEF,1.3
738,Jackson,Tchatchoua,0,0,4,220,6,55.1,41.8,14.0,0,13,11.0,0,0,0,0.0,45,DEF,0.9
739,Ladislav,Krejcí,1,0,8,180,4,29.2,57.6,17.0,0,16,10.4,0,0,1,0.0,45,DEF,1.8
740,Tolu,Arokodare,0,0,4,155,4,14.8,9.4,51.0,0,15,7.5,0,0,0,0.1,55,FWD,0.7
